bill_id,state,bill_number,year,session_title,status_desc,status_date,last_action_date,last_action,committee,direction_heuristic,title,description,url
230160,AK,HB77,2011,2011-2012 Regular Session,Introduced,2011-01-18,2012-01-23,COSPONSOR(S): PETERSEN,State Affairs,opens,Nonpartisan Blanket Primary Election,An Act establishing a top two nonpartisan blanket primary election system for elective state executive and state and national legislative offices; changing appointment procedures relating to precinct ,https://legiscan.com/AK/bill/HB77/2011
312700,AK,HB225,2011,2011-2012 Regular Session,In Senate Committee,2011-04-04,2011-04-04,REFERRED TO STATE AFFAIRS,State Affairs,opens,Nonpartisan Blanket Primary Election,An Act establishing a top two nonpartisan blanket primary election system for elective state executive and state and national legislative offices; changing appointment procedures relating to precinct ,https://legiscan.com/AK/bill/HB225/2011
445263,AK,HB13,2013,2013-2014 Regular Session,Introduced,2013-01-16,2014-03-10,COSPONSOR(S): KITO III,State Affairs,opens,Nonpartisan Blanket Primary Election,An Act establishing a top two nonpartisan blanket primary election system for elective state executive and state and national legislative offices; changing appointment procedures relating to precinct ,https://legiscan.com/AK/bill/HB13/2013
672685,AK,HB17,2015,2015-2016 Regular Session,In House Committee,2015-01-21,2015-01-21,REFERRED TO STATE AFFAIRS,State Affairs,closes,Nonpartisan Primary Elections,An Act establishing a top two nonpartisan primary election system for elective state executive and state and national legislative offices; repealing the special runoff election for the office of Unite,https://legiscan.com/AK/bill/HB17/2015
1000876,AK,HB200,2017,2017-2018 Regular Session,Introduced,2017-03-29,2017-05-12,COSPONSOR(S): STUTES,State Affairs,closes,Nonpartisan Open Primary Elections,An Act establishing a top two nonpartisan open primary election system for elective state executive and state and national legislative offices; repealing the special runoff election for the office of ,https://legiscan.com/AK/bill/HB200/2017
1646807,AK,HB4,2023,2023-2024 Regular Session,Introduced,2023-01-19,2024-02-05,COSPONSOR(S): CARPENTER,Finance,closes,Elections:repeal Rank Choice/open Primary,An Act relating to elections.,https://legiscan.com/AK/bill/HB4/2023
1057641,AL,HB193,2018,2018 Regular Session,In House Committee,2018-01-11,2018-01-11,"Read for the first time and referred to the House of Representatives committee on Constitution, Campaigns and Elections","Constitution, Campaigns and Elections",opens,"Open Primary elections, system created, qualifications to participate in general election, revised, Sec. 17-13-8.2 added; Secs. 17-13-7.1, 1","Open Primary elections, system created, qualifications to participate in general election, revised, Sec. 17-13-8.2 added; Secs. 17-13-7.1, 17-13-19, 17-13-20, 17-13-21, 17-13-23, 17-13-41, 17-13-101 r",https://legiscan.com/AL/bill/HB193/2018
1056508,AL,SB164,2018,2018 Regular Session,In Senate Committee,2018-01-11,2018-01-11,"Read for the first time and referred to the Senate committee on Constitution, Ethics and Elections","Constitution, Ethics and Elections",opens,"Open Primary elections, system created, qualifications to participate in general election, revised, Sec. 17-13-8.2 added; Secs. 17-13-7.1, 1","Open Primary elections, system created, qualifications to participate in general election, revised, Sec. 17-13-8.2 added; Secs. 17-13-7.1, 17-13-19, 17-13-20, 17-13-21, 17-13-23, 17-13-41, 17-13-101 r",https://legiscan.com/AL/bill/SB164/2018
1060469,AL,HB214,2018,2018 Regular Session,In House Committee,2018-01-16,2018-01-16,"Read for the first time and referred to the House of Representatives committee on Constitution, Campaigns and Elections","Constitution, Campaigns and Elections",opens,"Open primary elections, system created, qualifications to participate in general elections revised, Sec. 17-13-8.2 added; Secs. 17-13-7.1, 1","Open primary elections, system created, qualifications to participate in general elections revised, Sec. 17-13-8.2 added; Secs. 17-13-7.1, 17-13-19, 17-13-20, 17-13-21, 17-13-23, 17-13-41, 17-13-101 r",https://legiscan.com/AL/bill/HB214/2018
525798,AR,HB1743,2013,2013 Regular Session,In House Committee,2013-05-17,2013-05-17,Died in House Committee at Sine Die adjournment.,,opens,To Establish An Open Blanket Primary To Ensure The Election Of The Most Qualified Candidate; And To Reform Election Laws And Procedures To P,To Establish An Open Blanket Primary To Ensure The Election Of The Most Qualified Candidate; And To Reform Election Laws And Procedures To Preserve Public Money And Resources.,https://legiscan.com/AR/bill/HB1743/2013
980041,AR,HB1766,2017,2017 Regular Session,In House Committee,2017-05-01,2017-05-01,Died in House Committee at Sine Die Adjournment,,opens,"To Create ""the Nonpartisan Blanket Primary Act""; To Institute The Nonpartisan Blanket Primary Election System; And To Amend The Arkansas Ele","To Create ""the Nonpartisan Blanket Primary Act""; To Institute The Nonpartisan Blanket Primary Election System; And To Amend The Arkansas Election Code.",https://legiscan.com/AR/bill/HB1766/2017
119935,AZ,HB2638,2010,2010 Regular Session,In Senate Committee,2010-02-08,2010-02-09,Referred to House JUD Committee,Judiciary,opens,Presidential preference election; independent voters,Presidential preference election; independent voters,https://legiscan.com/AZ/bill/HB2638/2010
381823,AZ,HCR2050,2012,2012 Regular Session,In Senate Committee,2012-02-01,2012-02-02,Referred to House JUD Committee,Judiciary,opens,Open top two primary elections,Open top two primary elections,https://legiscan.com/AZ/bill/HCR2050/2012
471926,AZ,SB1186,2013,2013 Regular Session,In Senate Committee,2013-01-24,2013-01-28,Referred to Senate ELEC Committee,Elections,opens,Presidential preference election; independent voters,Presidential preference election; independent voters,https://legiscan.com/AZ/bill/SB1186/2013
611285,AZ,SB1427,2014,2014 Regular Session,In Senate Committee,2014-02-04,2014-02-05,Referred to Senate ELEC Committee,Elections,opens,Presidential preference election; independent voters,Presidential preference election; independent voters,https://legiscan.com/AZ/bill/SB1427/2014
706592,AZ,SB1366,2015,2015 Regular Session,In Senate Committee,2015-02-02,2015-02-03,Referred to Senate GOV Committee,Government Institutions,opens,Presidential preference election; independent voters,Presidential preference election; independent voters,https://legiscan.com/AZ/bill/SB1366/2015
802332,AZ,SB1027,2016,2016 Regular Session,In Senate Committee,2016-01-11,2016-01-12,Referred to Senate GOV Committee,Government Institutions,opens,Presidential preference election; independent voters,Presidential preference election; independent voters,https://legiscan.com/AZ/bill/SB1027/2016
930432,AZ,HB2350,2017,2017 Regular Session,Introduced,2017-01-26,2017-01-30,House read second time,,opens,Presidential preference election; independent voters,Presidential preference election; independent voters,https://legiscan.com/AZ/bill/HB2350/2017
936178,AZ,SB1393,2017,2017 Regular Session,Introduced,2017-01-31,2017-02-01,Senate read second time,,opens,Presidential preference election; independent voters,Presidential preference election; independent voters,https://legiscan.com/AZ/bill/SB1393/2017
1037277,AZ,HB2051,2018,2018 Regular Session,Introduced,2018-01-09,2018-01-10,House read second time,,opens,Presidential preference election; independent voters,Presidential preference election; independent voters,https://legiscan.com/AZ/bill/HB2051/2018
1052791,AZ,SB1126,2018,2018 Regular Session,Introduced,2018-01-11,2018-01-17,Senate read second time,,opens,Presidential preference election; independent voters.,Presidential preference election; independent voters.,https://legiscan.com/AZ/bill/SB1126/2018
1057509,AZ,HCR2014,2018,2018 Regular Session,Introduced,2018-01-23,2018-01-24,House read second time,,closes,Closed primary elections,Closed primary elections,https://legiscan.com/AZ/bill/HCR2014/2018
1151204,AZ,SB1057,2019,2019 Regular Session,Introduced,2019-01-15,2019-01-16,Senate read second time,,opens,Presidential preference election; independent voters,Presidential preference election; independent voters,https://legiscan.com/AZ/bill/SB1057/2019
1327040,AZ,SB1532,2020,2020 Regular Session,Introduced,2020-02-04,2020-02-05,Senate read second time,Judiciary,opens,Presidential preference election; independent voters,Presidential preference election; independent voters,https://legiscan.com/AZ/bill/SB1532/2020
1425718,AZ,HB2736,2021,2021 Regular Session,Introduced,2021-02-02,2021-02-03,House read second time,Government & Elections,opens,Presidential preference election; independent voters.,Presidential preference election; independent voters.,https://legiscan.com/AZ/bill/HB2736/2021
1432210,AZ,SB1668,2021,2021 Regular Session,Introduced,2021-02-03,2021-02-04,Senate read second time,Government Institutions,opens,Presidential preference caucuses; independent voters,Presidential preference caucuses; independent voters,https://legiscan.com/AZ/bill/SB1668/2021
1573425,AZ,SB1456,2022,2022 Regular Session,Introduced,2022-01-27,2022-01-31,Senate read second time,Government Institutions,opens,Presidential preference caucuses; independent voters,Presidential preference caucuses; independent voters,https://legiscan.com/AZ/bill/SB1456/2022
1549576,AZ,HB2076,2022,2022 Regular Session,Introduced,2022-06-23,2022-06-23,Introduced in House and read first time,,opens,Presidential preference election; independent voters,Presidential preference election; independent voters,https://legiscan.com/AZ/bill/HB2076/2022
1656525,AZ,HB2153,2023,2023 Regular Session,Introduced,2023-01-23,2023-01-24,House read second time,Municipal Oversight & Elections,opens,Presidential preference election; independent voters,Presidential preference election; independent voters,https://legiscan.com/AZ/bill/HB2153/2023
1696960,AZ,HB2799,2023,2023 Regular Session,Introduced,2023-02-07,2023-02-08,House read second time,Municipal Oversight & Elections,opens,Open primary election,Open primary election,https://legiscan.com/AZ/bill/HB2799/2023
1811681,AZ,HB2464,2024,2024 Regular Session,Introduced,2024-01-22,2024-01-23,House read second time,Municipal Oversight & Elections,opens,Presidential preference election; independent voters,Presidential preference election; independent voters,https://legiscan.com/AZ/bill/HB2464/2024
1964652,AZ,HCR2060,2025,2025 Regular Session,Introduced,2025-02-12,2025-02-13,House read second time,"Federalism, Military Affairs & Elections",closes,Open primaries; repeal,Open primaries; repeal,https://legiscan.com/AZ/bill/HCR2060/2025
2111993,AZ,HB4059,2026,2026 Regular Session,In House Committee,2026-06-13,2026-06-13,Assigned to House RULES Committee,Rules,opens,Open primary election,Open primary election,https://legiscan.com/AZ/bill/HB4059/2026
63161,CA,SCA4,2009,2009-2010 Regular Session,Signed by Governor,2009-02-19,2009-02-19,"Chaptered by Secretary of State. Res. Chapter 2, Statutes of 2009.",,opens,Elections: open primaries.,"A resolution to propose to the people of the State of California an amendment to the Constitution of the State, by amending Sections 5 and 6 of Article II thereof, relating to elections.",https://legiscan.com/CA/bill/SCA4/2009
2101204,CO,SB058,2026,2026 Regular Session,In Senate Committee,2026-02-24,2026-02-24,"Senate Committee on State, Veterans, & Military Affairs Postpone Indefinitely",,opens,Modifications to Voter Registration,"Concerning modifications to voter registration, and, in connection therewith, eliminating the automatic voter registration provisions for default registration of electors as unaffiliated voters and re",https://legiscan.com/CO/bill/SB058/2026
235698,CT,HB05730,2011,2011 Regular Session,In Senate Committee,2011-01-21,2011-01-21,Referred to Joint Committee on Government Administration and Elections,Government Administration and Elections,opens,An Act Concerning Unaffiliated Voters In Primaries.,To increase participation in primary elections.,https://legiscan.com/CT/bill/HB05730/2011
1664394,CT,HB05694,2023,2023 Regular Session,In House Committee,2023-01-18,2023-01-18,Referred to Joint Committee on Government Administration and Elections,Government Administration and Elections,opens,An Act Concerning Primaries.,To adopt the top-two primary system used by California.,https://legiscan.com/CT/bill/HB05694/2023
1666473,CT,HB06248,2023,2023 Regular Session,In House Committee,2023-01-19,2023-01-19,Referred to Joint Committee on Government Administration and Elections,Government Administration and Elections,opens,An Act Concerning Open Primaries.,To allow unaffiliated electors to vote in the primaries of political parties.,https://legiscan.com/CT/bill/HB06248/2023
1916321,CT,HJ00005,2025,2025 Regular Session,In House Committee,2025-01-14,2025-01-14,Referred to Joint Committee on Government Administration and Elections,Government Administration and Elections,opens,Resolution Proposing A State Constitutional Amendment To Require Political Parties To Conduct Open Primaries.,To require political parties to conduct open primaries.,https://legiscan.com/CT/bill/HJ00005/2025
634574,DC,B20-0717,2014,2013-2014 Regular Session,Introduced,2014-03-04,2014-03-14,Notice of Intent to Act on B20-0717 Published in the District of Columbia Register,,opens,Open Primary Elections Amendment  Act Of 2014,Open Primary Elections Amendment  Act Of 2014,https://legiscan.com/DC/bill/B20-0717/2013
1677431,FL,H0405,2023,2023 Regular Session,In House Committee,2023-05-05,2023-05-05,"Died in Ethics, Elections & Open Government Subcommittee",,closes,Prohibition on Open Primaries and Nonpartisan Elections,"Proposes amendments to State Constitution to provide that only qualified electors with same party affiliation as candidate for office may vote in primary election for such office, to provide that cand",https://legiscan.com/FL/bill/H0405/2023
2017644,GA,SB370,2025,2025-2026 Regular Session,Introduced,2025-03-31,2025-04-02,Senate Read and Referred,Ethics,closes,Elections and Primaries; closed primaries; provide,"A BILL to be entitled an Act to amend Chapter 2 of Title 21 of the Official Code of Georgia Annotated, relating to elections and primaries generally, so as to provide for closed primaries; to provide ",https://legiscan.com/GA/bill/SB370/2025
185087,HI,HB2245,2010,2010 Regular Session,In Senate Committee,2010-01-21,2010-01-22,"(H) Referred to HAW, JUD, FIN, referral sheet 3",Hawaiian Affairs,opens,Office of Hawaiian Affairs; Trustees; Election,Provides for the election of the office of Hawaiian affairs board members through a system of nonpartisan primary and general elections.,https://legiscan.com/HI/bill/HB2245/2010
188300,HI,SB2306,2010,2010 Regular Session,In Senate Committee,2010-01-21,2010-01-22,(S) Referred to JGO.,,unclear,Instant Runoff Voting; Elections,"Provides for instant runoff voting for all elections in which no primary election is held, and authorizes the chief election officer or the county clerk to use the instant runoff voting method in majo",https://legiscan.com/HI/bill/SB2306/2010
188372,HI,SB2378,2010,2010 Regular Session,In Senate Committee,2010-03-02,2010-04-21,(S) Conference committee meeting to reconvene on 04-22-10 6:00PM in conference room 325.,,opens,Office of Hawaiian Affairs; Trustees; Election,"Provides for the election of the office of Hawaiian affairs board members through a system of nonpartisan primary and general elections to begin with the 2014 elections. Effective July 1, 2050. (SB237",https://legiscan.com/HI/bill/SB2378/2010
244489,HI,SB1404,2011,2011 Regular Session,In Senate Committee,2011-01-26,2011-01-26,"(S) Referred to HWN, JDL.",Hawaiian Affairs,opens,Office of Hawaiian Affairs; Trustees; Election,"Provides for the election of the office of Hawaiian affairs board members through a system of nonpartisan primaries and general elections, to begin with the 2014 elections.",https://legiscan.com/HI/bill/SB1404/2011
361388,HI,SB1404,2011,2012 Regular Session,Introduced,2011-01-26,2011-12-01,Carried over to 2012 Regular Session.,,opens,Office of Hawaiian Affairs; Trustees; Election,"Provides for the election of the office of Hawaiian affairs board members through a system of nonpartisan primaries and general elections, to begin with the 2014 elections.",https://legiscan.com/HI/bill/SB1404/2012
303493,HI,HR116,2011,2011 Regular Session,Adopted,2011-03-15,2011-04-04,"(H) Report adopted; referred to the committee(s) on LMG with none voting no and Carroll, M. Oshiro, Takai, Tokioka excused.",,closes,Requesting a study of the types of closed primaries and their effect on voter turnout.,Requesting The Legislative Reference Bureau To Conduct A Study To Determine The Different Types Of Closed Primaries Conducted By Other States And The Corresponding Effect On Voter Turnout.,https://legiscan.com/HI/bill/HR116/2011
301930,HI,HCR136,2011,2011 Regular Session,Adopted,2011-03-15,2011-04-04,"(H) Report adopted; referred to the committee(s) on LMG with none voting no and Carroll, M. Oshiro, Takai, Tokioka excused.",,closes,Requesting a study of the types of closed primaries and their effect on voter turnout.,Requesting The Legislative Reference Bureau To Conduct A Study To Determine The Different Types Of Closed Primaries Conducted By Other States And The Corresponding Effect On Voter Turnout.,https://legiscan.com/HI/bill/HCR136/2011
469711,HI,HB1087,2013,2013 Regular Session,In House Committee,2013-01-24,2013-02-06,Passed Second Reading as amended in HD 1 and referred to the committee(s) on JUD with none voting aye with reservations; none voting no (0) ,,opens,Office of Hawaiian Affairs; Trustees; Election,Provides for the election of the office of Hawaiian affairs board members through a system of nonpartisan primary and general elections to begin with the 2014 elections. (HB1087 HD1),https://legiscan.com/HI/bill/HB1087/2013
583788,HI,HB1087,2013,2014 Regular Session,Introduced,2013-01-24,2013-12-18,Carried over to 2014 Regular Session.,,opens,Office of Hawaiian Affairs; Trustees; Election,Provides for the election of the office of Hawaiian affairs board members through a system of nonpartisan primary and general elections to begin with the 2014 elections. (HB1087 HD1),https://legiscan.com/HI/bill/HB1087/2014
456968,HI,SB3,2013,2013 Regular Session,Passed,2013-07-09,2013-07-09,"Became law without the Governor's signature, Act 287, 7/9/2013, (Gov. Msg. No. 1393).",,opens,Office of Hawaiian Affairs; Trustees; Election,Provides for the election of the Office of Hawaiian Affairs board members through a system of nonpartisan primary and general elections to begin with the 2014 elections. (CD1),https://legiscan.com/HI/bill/SB3/2013
696635,HI,HB338,2015,2015 Regular Session,In House Committee,2015-01-26,2015-01-26,"Referred to JUD, FIN, referral sheet 1",Judiciary,closes,Closed Primary Elections; Declaration of Political Party Registration or Nonpartisanship,Establishes a closed primary and special primary election system that limits a political party's voters to registered party members and other voters as the party may designate. Takes effect upon ratif,https://legiscan.com/HI/bill/HB338/2015
803337,HI,HB338,2015,2016 Regular Session,Introduced,2015-01-26,2015-12-17,Carried over to 2016 Regular Session.,Judiciary,closes,Closed Primary Elections; Declaration of Political Party Registration or Nonpartisanship,Establishes a closed primary and special primary election system that limits a political party's voters to registered party members and other voters as the party may designate. Takes effect upon ratif,https://legiscan.com/HI/bill/HB338/2016
320422,ID,S1202,2011,2011 Regular Session,Signed by Governor,2011-04-13,2011-04-13,Governor signed Session Law Chapter 321 Effective: 04/13/11,,unclear,"Appropriates an additional $100,000 to the Secretary of State for fiscal year 2011 to pay legal costs in the case of Idaho Republican Party ","Appropriates an additional $100,000 to the Secretary of State for fiscal year 2011 to pay legal costs in the case of Idaho Republican Party vs. Secretary of State of the state of Idaho, regarding the ",https://legiscan.com/ID/bill/S1202/2011
474297,ID,H0059,2013,2013 Regular Session,In House Committee,2013-01-25,2013-01-28,Reported Printed and Referred to State Affairs,,closes,Adds to existing law relating to ballots to provide requirements relating to the payment of closed primary election expenses.,Adds to existing law relating to ballots to provide requirements relating to the payment of closed primary election expenses.,https://legiscan.com/ID/bill/H0059/2013
1565189,ID,S1230,2022,2022 Regular Session,In Senate Committee,2022-01-20,2022-01-21,Reported Printed; referred to State Affairs,State Affairs,closes,"Amends, adds to, and repeals existing law to provide for nonpartisan primary elections and ranked-choice voting in general elections.","ELECTIONS -- Amends, adds to, and repeals existing law to provide for nonpartisan primary elections and ranked-choice voting in general elections.",https://legiscan.com/ID/bill/S1230/2022
32302,IL,HB0825,2009,2009-2010 Regular Session,Introduced,2009-02-09,2009-05-26,Added Chief Co-Sponsor Rep. Elizabeth Coulson,Rules,opens,ELEC CD-OPEN PRIMARY,Amends the Election Code. Eliminates the requirement that a voter declare party affiliation when voting at a primary election. Provides that the voter shall receive the primary ballot of each of the e,https://legiscan.com/IL/bill/HB0825/2009
32365,IL,HB0888,2009,2009-2010 Regular Session,In Senate Committee,2009-02-10,2009-03-13,Rule 19(a) / Re-referred to Rules Committee,Rules,opens,ELEC CD-OPEN PRIMARY,Amends the Election Code. Eliminates the requirement that a voter declare party affiliation when voting at a primary election. Provides that the voter shall receive the primary ballot of each of the e,https://legiscan.com/IL/bill/HB0888/2009
30526,IL,SB1666,2009,2009-2010 Regular Session,Senate Floor Calendar,2009-02-19,2009-04-01,Senate Floor Amendment No. 1 Tabled Pursuant to Rule 5-4(a),,opens,ELEC CD-OPEN PRIMARY,Amends the Election Code. Eliminates the requirement that a voter declare party affiliation when voting at a primary election. Provides that the voter shall receive the primary ballot of each of the e,https://legiscan.com/IL/bill/SB1666/2009
46294,IL,HB5192,2010,2009-2010 Regular Session,In Senate Committee,2010-01-29,2010-03-15,Rule 19(a) / Re-referred to Rules Committee,Rules,opens,ELEC CD-OPEN PRIMARY,Amends the Election Code. Eliminates the requirement that a voter declare party affiliation when voting at a primary election. Provides that the voter shall receive the primary ballot of each of the e,https://legiscan.com/IL/bill/HB5192/2009
57226,IL,HB5277,2010,2009-2010 Regular Session,In Senate Committee,2010-02-03,2010-03-15,Rule 19(a) / Re-referred to Rules Committee,Rules,opens,MUNI CD-PRIMARY ELECTIONS,"Amends the Illinois Municipal Code. In provisions concerning nonpartisan primary elections, provides that a write-in candidate shall not be construed as having timely filed valid nominating papers for",https://legiscan.com/IL/bill/HB5277/2009
59709,IL,HB6217,2010,2009-2010 Regular Session,In Senate Committee,2010-02-11,2010-02-11,Referred to Rules Committee,Rules,opens,MUNI CD-PRIMARY ELECTION,"Amends the Illinois Municipal Code. In provisions concerning nonpartisan primary elections, provides that an office is uncontested if not more than twice the number of persons (now, not more than 4 pe",https://legiscan.com/IL/bill/HB6217/2009
620879,IL,HB5913,2014,2013-2014 Regular Session,Failed,2014-12-03,2014-12-03,Session Sine Die,,opens,ELEC CD-TOP TWO PRIMARY,"Amends the Election Code. Creates an open-primary system. Provides that primary ballots shall list each candidate for office, regardless of party affiliation, participating in the primary election. Pr",https://legiscan.com/IL/bill/HB5913/2013
515287,IL,HB2948,2014,2013-2014 Regular Session,Failed,2014-12-03,2014-12-03,Session Sine Die,,opens,ELEC CD-OPEN PRIMARY,Amends the Election Code. Eliminates the requirement that a voter declare party affiliation when voting at a primary election. Provides that the voter shall receive the primary ballot of each of the e,https://legiscan.com/IL/bill/HB2948/2013
516724,IL,HB3292,2014,2013-2014 Regular Session,Failed,2014-12-03,2014-12-03,Session Sine Die,,opens,ELEC CD-OPEN PRIMARY,Amends the Election Code. Eliminates the requirement that a voter declare party affiliation when voting at a primary election. Provides that the voter shall receive the primary ballot of each of the e,https://legiscan.com/IL/bill/HB3292/2013
679283,IL,HB0194,2015,2015-2016 Regular Session,In House Committee,2015-01-14,2015-03-27,Rule 19(a) / Re-referred to Rules Committee,Rules,opens,ELEC CD-OPEN PRIMARY,Amends the Election Code. Eliminates the requirement that a voter declare party affiliation when voting at a primary election. Provides that the voter shall receive the primary ballot of each of the e,https://legiscan.com/IL/bill/HB0194/2015
710581,IL,SB0759,2015,2015-2016 Regular Session,In Senate Committee,2015-02-03,2015-04-24,Rule 3-9(a) / Re-referred to Assignments,Assignments,opens,ELEC CD-OPEN PRIMARY,Amends the Election Code. Eliminates the requirement that a voter declare party affiliation when voting at a primary election. Provides that the voter shall receive the primary ballot of each of the e,https://legiscan.com/IL/bill/SB0759/2015
730288,IL,HB2719,2015,2015-2016 Regular Session,In House Committee,2015-02-19,2015-03-27,Rule 19(a) / Re-referred to Rules Committee,Rules,opens,ELEC CD-TOP TWO PRIMARY,"Amends the Election Code. Creates an open-primary system. Provides that primary ballots shall list each candidate for office, regardless of party affiliation, participating in the primary election. Pr",https://legiscan.com/IL/bill/HB2719/2015
845467,IL,HB5923,2016,2015-2016 Regular Session,Introduced,2016-02-11,2016-08-08,Added Chief Co-Sponsor Rep. Sara Wojcicki Jimenez,Rules,opens,ELEC CD-TOP TWO PRIMARY,"Amends the Election Code. Creates an open-primary system. Provides that primary ballots shall list each candidate for office, regardless of party affiliation, participating in the primary election. Pr",https://legiscan.com/IL/bill/HB5923/2015
907075,IL,HB0330,2019,2017-2018 Regular Session,Failed,2019-01-08,2019-01-08,Session Sine Die,,opens,ELEC CD-OPEN PRIMARY,Amends the Election Code. Eliminates the requirement that a voter declare party affiliation when voting at a primary election. Provides that the voter shall receive the primary ballot of each of the e,https://legiscan.com/IL/bill/HB0330/2017
907252,IL,HB0285,2019,2017-2018 Regular Session,Failed,2019-01-08,2019-01-08,Session Sine Die,,opens,ELEC CD-TOP TWO PRIMARY,"Amends the Election Code. Creates an open-primary system. Provides that primary ballots shall list each candidate for office, regardless of party affiliation, participating in the primary election. Pr",https://legiscan.com/IL/bill/HB0285/2017
958242,IL,HB3655,2019,2017-2018 Regular Session,Failed,2019-01-08,2019-01-08,Session Sine Die,,opens,ELEC CD-TOP TWO PRIMARY,"Amends the Election Code. Creates an open-primary system. Provides that primary ballots shall list each candidate for office, regardless of party affiliation, participating in the primary election. Pr",https://legiscan.com/IL/bill/HB3655/2017
1335925,IL,SB3210,2021,2019-2020 Regular Session,Failed,2021-01-13,2021-01-13,Session Sine Die,,opens,MUNI CD-NONPARTISAN PRIMARIES,Amends the Illinois Municipal Code. Provides that when a person who intends to be a write-in candidate for an uncontested nonpartisan office has not timely filed nomination papers but has filed a writ,https://legiscan.com/IL/bill/SB3210/2019
1457968,IL,HB3488,2021,2021-2022 Regular Session,In House Committee,2021-02-19,2021-03-27,Rule 19(a) / Re-referred to Rules Committee,Rules,opens,MUNI CD-NONPARTISAN PRIMARIES,Amends the Illinois Municipal Code. Provides that when a person who intends to be a write-in candidate for an uncontested nonpartisan office has not timely filed nomination papers but has filed a writ,https://legiscan.com/IL/bill/HB3488/2021
1467104,IL,SB1630,2021,2021-2022 Regular Session,In Senate Committee,2021-02-26,2021-04-16,Rule 3-9(a) / Re-referred to Assignments,Assignments,opens,MUNI CD-NONPARTISAN PRIMARIES,"Amends the Illinois Municipal Code. Provides that, when a person who intends to be a write-in candidate for an uncontested nonpartisan office has not timely filed nomination papers but has filed a wri",https://legiscan.com/IL/bill/SB1630/2021
1545648,IL,HB4352,2022,2021-2022 Regular Session,In House Committee,2022-01-05,2022-02-18,Rule 19(a) / Re-referred to Rules Committee,Rules,opens,MUNI NONPARTISAN LIST/DEFENSE,Amends the Illinois Municipal Code. Provides that a municipality that nominates and elects candidates in nonpartisan primary and general elections shall notify the State Board of Elections within 90 d,https://legiscan.com/IL/bill/HB4352/2021
1713682,IL,HB3749,2023,2023-2024 Regular Session,Introduced,2023-02-17,2023-03-13,"Added Chief Co-Sponsor Rep. Lamont J. Robinson, Jr.",Rules,unclear,ELECTION-RCV/MUNICIPAL PRIMARY,"Amends the Ballots Article of the Election Code. Provides that the governing body of a municipality may adopt, upon submission of a written statement by the municipality's election authority attesting",https://legiscan.com/IL/bill/HB3749/2023
1939783,IL,HB1708,2025,2025-2026 Regular Session,In House Committee,2025-01-24,2025-03-21,Rule 19(a) / Re-referred to Rules Committee,Rules,unclear,ELEC CD-RCV/MUNICIPAL PRIMARY,"Amends the Ballots Article of the Election Code. Provides that the governing body of a municipality may adopt, upon submission of a written statement by the municipality's election authority attesting",https://legiscan.com/IL/bill/HB1708/2025
1962083,IL,SB2158,2025,2025-2026 Regular Session,In Senate Committee,2025-02-07,2026-05-22,Rule 3-9(a) / Re-referred to Assignments,Assignments,opens,ELEC CD-OPEN PRIMARY ELECTIONS,"Amends the Election Code. Provides that the 2 candidates in any primary election who receive the most votes in the primary election, regardless of the party affiliation of the candidates, shall be the",https://legiscan.com/IL/bill/SB2158/2025
1903801,IN,SB0201,2025,2025 Regular Session,Introduced,2025-01-08,2025-02-10,Senators Doriot and Byrne added as coauthors,,closes,Closed primary elections.,"Closed primary elections. Allows an individual to affiliate with a political party while registering to vote. Requires the text: ""Would you like to choose your political party? If you wish to vote in ",https://legiscan.com/IN/bill/SB0201/2025
1897656,IN,HB1029,2025,2025 Regular Session,Introduced,2025-01-08,2025-01-09,Representative Rowray added as coauthor,Elections and Apportionment,closes,Closed primaries.,Closed primaries. Provides that a voter may vote at a primary election: (1) only if the voter has properly and timely affiliated with a political party; and (2) held by the political party with which ,https://legiscan.com/IN/bill/HB1029/2025
270950,KY,HB469,2011,2011 Regular Session,Introduced,2011-02-14,2011-03-08,recommitted to Appropriations & Revenue (H),Appropriations and Revenue,unclear,AN ACT relating to elections.,Amend KRS 67.060 to specify that voters required to sign a candidate's filing form shall be voters residing in the candidate's district; amend KRS 83A.170 to delete language relating to a voter signin,https://legiscan.com/KY/bill/HB469/2011
672367,KY,HB150,2015,2015 Regular Session,Signed by Governor,2015-03-30,2015-03-30,"signed by Governor (Acts, ch. 70)",,unclear,AN ACT relating to elections.,"Amend KRS 117.265 to make any candidate for county, urban-county, consolidated local government, charter county government, or unified local government office who is defeated in a partisan or nonparti",https://legiscan.com/KY/bill/HB150/2015
1717472,KY,SB190,2023,2023 Regular Session,Signed by Governor,2023-03-27,2023-03-27,signed by Governor (Acts Ch. 114),,unclear,AN ACT relating to actions of government officials.,Amend KRS 83A.030 to establish guidelines for changing the number of legislative body members in mayor-council form of government; amend KRS 83A.040 to allow submission of resignation via electronic m,https://legiscan.com/KY/bill/SB190/2023
129791,LA,SB690,2010,2010 Regular Session,Adopted,2010-04-06,2010-05-13,Title of substitute read and adopted; becomes Senate Bill No. 796.,,opens,Allows an independent voter to vote in either the Democratic or Republican congressional primary. (gov sig),Allows an independent voter to vote in either the Democratic or Republican congressional primary. (gov sig),https://legiscan.com/LA/bill/SB690/2010
191177,LA,SB796,2010,2010 Regular Session,Senate Floor Calendar,2010-05-19,2010-06-17,"Read by title, returned to the calendar.",,opens,Provides for an open primary system of elections for congressional offices. (1/1/11) (RE SEE FISC NOTE GF EX See Note),Provides for an open primary system of elections for congressional offices. (1/1/11) (RE SEE FISC NOTE GF EX See Note),https://legiscan.com/LA/bill/SB796/2010
127730,LA,HB292,2010,2010 Regular Session,Passed,2010-06-25,2010-06-25,"Effective date: January 1, 2011.",,opens,Provides for an open primary system of elections for congressional offices (EGF SEE FISC NOTE GF EX),Provides for an open primary system of elections for congressional offices (EGF SEE FISC NOTE GF EX),https://legiscan.com/LA/bill/HB292/2010
127658,LA,HB220,,2010 Regular Session,Senate Floor Calendar,,2010-03-12,First appeared in the Interim Calendar on 3/12/2010.,,opens,Provides for an open primary system of elections for congressional offices,Provides for an open primary system of elections for congressional offices,https://legiscan.com/LA/bill/HB220/2010
79072,MA,H662,2009,2009-2010 Regular Session,Introduced,2009-01-20,2010-07-13,"Accompanied a study order, see H4870",,opens,Relative to unaffiliated voters.,Unenrolled voters,https://legiscan.com/MA/bill/H662/2009
79014,MA,H554,2009,2009-2010 Regular Session,Introduced,2009-01-20,2010-07-13,"Accompanied a study order, see H4870",,opens,To change the definition of unenrolled voter to no party affiliation on official massachusetts election ballots.,Changing the definition of unenrolled voters to no party affiliation on official election ballots,https://legiscan.com/MA/bill/H554/2009
273977,MA,H1102,2011,2011-2012 Regular Session,Introduced,2011-01-24,2012-10-09,"Accompanied a study order, see H4467",,opens,To change the definition of unenrolled voter to no party affiliation on official massachusetts election ballots.,Relative to changing the definition of unenrolled voters to no party affiliation on official election ballots. Election Laws.,https://legiscan.com/MA/bill/H1102/2011
302397,MA,H1982,2011,2011-2012 Regular Session,Introduced,2011-01-24,2012-10-09,"Accompanied a study order, see H4467",,opens,Relative to unaffiliated voters,Relative to unenrolled voters. Election Laws.,https://legiscan.com/MA/bill/H1982/2011
309392,MA,H2729,2011,2011-2012 Regular Session,Introduced,2011-01-24,2012-10-09,"Accompanied a study order, see H4467",,opens,Relative to state ballots,For legislation to provide unenrolled voters with a unified ballot containing all candidates in state primary elections. Election Laws.,https://legiscan.com/MA/bill/H2729/2011
502390,MA,H605,2013,2013-2014 Regular Session,Introduced,2013-01-22,2014-06-05,"Accompanied a study order, see H4145",,opens,Relative to party representation of election officers,For legislation to allow unenrolled voters to serve on local election commissions and board of registrar of voters. Election Laws.,https://legiscan.com/MA/bill/H605/2013
502410,MA,H624,2013,2013-2014 Regular Session,Introduced,2013-01-22,2014-06-05,"Accompanied a study order, see H4145",,opens,Relative to unaffiliated voters,Relativerelative to unenrolled voters. Election Laws.,https://legiscan.com/MA/bill/H624/2013
751190,MA,H593,2015,2015-2016 Regular Session,Introduced,2015-01-20,2016-03-30,"Accompanied a study order, see H4134",,opens,Relative to unaffiliated voters,Relative to unenrolled voters. Election Laws.,https://legiscan.com/MA/bill/H593/2015
1135275,MD,HB26,2019,2019 Regular Session,Introduced,2019-01-09,2019-03-04,Unfavorable Report by Ways and Means; Withdrawn,,opens,Baltimore City - Ranked Choice Voting and Open Primaries,"Authorizing the Mayor and City Council of Baltimore City to adopt, by law, a ranked choice voting system or an open primary system for elections for certain city offices; requiring that certain proced",https://legiscan.com/MD/bill/HB26/2019
1182270,MD,SB385,2019,2019 Regular Session,Introduced,2019-01-31,2019-03-11,"Unfavorable Report by Education, Health, and Environmental Affairs",,opens,Election Law - Primary Elections - Voting by Unaffiliated Voters,Altering the content requirements of the statewide voter registration application; altering the information that an electronic voter registration system is required to provide to a certain applicant; ,https://legiscan.com/MD/bill/SB385/2019
1649943,MD,SB39,2023,2023 Regular Session,Introduced,2023-01-11,2023-01-27,Hearing 2/16 at 1:00 p.m.,"Education, Energy, and the Environment",opens,Ballot Access - Affiliating With a Party - Unaffiliated Voters,Requiring a local board of elections to change a voter's registration from a decline to affiliate with a political party when voter registration is closed if the request to affiliate is received by th,https://legiscan.com/MD/bill/SB39/2023
1649974,MD,HB114,2023,2023 Regular Session,Introduced,2023-01-11,2023-01-12,Hearing 1/24 at 1:00 p.m.,Ways and Means,opens,Ballot Access - Affiliating With a Party - Unaffiliated Voters,Requiring a local board of elections to change a voter's registration from a decline to affiliate with a political party when voter registration is closed if the request to affiliate is received by th,https://legiscan.com/MD/bill/HB114/2023
1798053,MD,SB99,2024,2024 Regular Session,Adopted,2024-01-10,2024-03-14,Motion Recommit to Committee (Senator Kagan) Adopted,,opens,Election Law - Affiliating with a Party and Voting - Unaffiliated Voters,Authorizing unaffiliated voters to request to affiliate with a political party at an early voting center during a primary election and vote a provisional ballot for the voter's preferred political par,https://legiscan.com/MD/bill/SB99/2024
1812219,MD,HB257,2024,2024 Regular Session,Introduced,2024-01-12,2024-01-17,Hearing 2/06 at 1:00 p.m.,Ways and Means,opens,Election Law - Affiliating With a Party and Voting - Unaffiliated Voters,Authorizing unaffiliated voters to request to affiliate with a political party at an early voting center during a primary election and vote a provisional ballot for the voter's preferred political par,https://legiscan.com/MD/bill/HB257/2024
1961148,MD,HB1280,2025,2025 Regular Session,Introduced,2025-02-07,2025-02-10,Hearing 2/26 at 1:00 p.m.,Ways and Means,opens,Election Law - Affiliating With a Party and Voting - Unaffiliated Voters,Authorizing unaffiliated voters to request to affiliate with a political party at an early voting center during a primary election and vote a ballot for the voter's preferred political party.,https://legiscan.com/MD/bill/HB1280/2025
2070412,MD,SB132,2026,2026 Regular Session,Introduced,2026-01-14,2026-02-09,Hearing 2/11 at 2:00 p.m.,"Education, Energy, and the Environment",opens,Election Law - Affiliating With a Party and Voting - Unaffiliated Voters,Authorizing unaffiliated voters to request to affiliate with a political party at an early voting center during a primary election and vote a provisional ballot for the voter's preferred political par,https://legiscan.com/MD/bill/SB132/2026
2093140,MD,HB496,2026,2026 Regular Session,Introduced,2026-01-27,2026-02-06,Hearing 2/11 at 2:00 p.m.,"Government, Labor, and Elections",closes,Election Law - Unaffiliated Voters - Open Primary Elections,Authorizing a voter unaffiliated with a political party to vote the ballot for unaffiliated voters or the ballot of the political party of the voter's choice in a primary election; and prohibiting a v,https://legiscan.com/MD/bill/HB496/2026
2070742,MD,HB156,2026,2026 Regular Session,Engrossed,2026-03-11,2026-03-12,"Referred Education, Energy, and the Environment","Education, Energy, and the Environment",opens,Election Law - Affiliating With a Party and Voting - Unaffiliated Voters,Authorizing unaffiliated voters to request to affiliate with a political party at an early voting center before a primary election or at a precinct polling place on a primary election day and vote a p,https://legiscan.com/MD/bill/HB156/2026
191378,ME,LD3,2009,2009-2010 Regular Session,Failed,2009-02-24,2009-02-24,(S) Pursuant to Joint Rule 310.3 Placed in Legislative Files (DEAD),,opens,An Act To Designate Registered Voters Not Enrolled in a Political Party as Independent Voters,An Act To Designate Registered Voters Not Enrolled in a Political Party as Independent Voters,https://legiscan.com/ME/bill/LD3/2009
545086,ME,LD1422,2013,2013-2014 Regular Session,Failed,2013-05-20,2013-05-20,Pursuant to Joint Rule 310.3 Placed in Legislative Files (DEAD),,opens,An Act To Establish a Nonpartisan Primary and a Presidential Primary Election System and Instant Run-off Voting for State and Federal Candid,An Act To Establish a Nonpartisan Primary and a Presidential Primary Election System and Instant Run-off Voting for State and Federal Candidates,https://legiscan.com/ME/bill/LD1422/2013
744914,ME,LD744,2015,2015-2016 Regular Session,Failed,2015-04-16,2015-04-16,Pursuant to Joint Rule 310.3 Placed in Legislative Files (DEAD),,opens,An Act To Permit Unenrolled Voters To Cast Ballots in Primary Elections,An Act To Permit Unenrolled Voters To Cast Ballots in Primary Elections,https://legiscan.com/ME/bill/LD744/2015
743682,ME,LD720,2015,2015-2016 Regular Session,Failed,2015-04-16,2015-04-16,Pursuant to Joint Rule 310.3 Placed in Legislative Files (DEAD),,opens,An Act To Establish an Open Primary System in the State,An Act To Establish an Open Primary System in the State,https://legiscan.com/ME/bill/LD720/2015
905817,ME,LD78,2017,2017-2018 Regular Session,Failed,2017-05-17,2017-05-17,Placed in Legislative Files (DEAD),,opens,An Act To Permit Unenrolled Voters To Cast Ballots in Primary Elections,An Act To Permit Unenrolled Voters To Cast Ballots in Primary Elections,https://legiscan.com/ME/bill/LD78/2017
993670,ME,LD1086,2017,2017-2018 Regular Session,Failed,2017-06-21,2017-06-21,Placed in Legislative Files (DEAD),,opens,An Act To Amend the Laws on the Conduct of Elections and To Establish a Nonpartisan Primary Election System for State and Federal Candidates,An Act To Amend the Laws on the Conduct of Elections and To Establish a Nonpartisan Primary Election System for State and Federal Candidates,https://legiscan.com/ME/bill/LD1086/2017
1161320,ME,LD211,2019,2019-2020 Regular Session,Failed,2019-05-28,2019-05-28,Placed in Legislative Files (DEAD),,opens,An Act To Open Maine's Primaries and Permit Unenrolled Voters To Cast Ballots in Primary Elections,An Act To Open Maine's Primaries and Permit Unenrolled Voters To Cast Ballots in Primary Elections,https://legiscan.com/ME/bill/LD211/2019
1152670,ME,LD114,2019,2019-2020 Regular Session,Failed,2019-05-28,2019-05-28,Placed in Legislative Files (DEAD),,opens,An Act To Establish Open Primaries for Certain Federal and State Offices,An Act To Establish Open Primaries for Certain Federal and State Offices,https://legiscan.com/ME/bill/LD114/2019
1431658,ME,LD303,2021,2021-2022 Regular Session,Failed,2021-06-02,2021-06-02,Pursuant to Joint Rule 310.3 Placed in Legislative Files (DEAD),,opens,An Act To Establish Semi-open Primary Elections To Allow Unenrolled Voters To Participate,An Act To Establish Semi-open Primary Elections To Allow Unenrolled Voters To Participate,https://legiscan.com/ME/bill/LD303/2021
1427348,ME,LD231,2022,2021-2022 Regular Session,Passed,2022-04-25,2022-04-25,"PASSED TO BE ENACTED, in concurrence.",,opens,An Act To Establish Open Primaries,An Act To Establish Open Primaries,https://legiscan.com/ME/bill/LD231/2021
1745708,ME,LD1320,2023,2023-2024 Regular Session,Failed,2023-05-25,2023-05-25,Placed in the Legislative Files. (DEAD),,opens,An Act to Improve Signature Requirements for Candidates by Allowing Unenrolled Voters to Sign Petitions for Party Candidates,An Act to Improve Signature Requirements for Candidates by Allowing Unenrolled Voters to Sign Petitions for Party Candidates,https://legiscan.com/ME/bill/LD1320/2023
1765128,ME,LD1959,2024,2023-2024 Regular Session,Failed,2024-04-02,2024-04-02,Placed in the Legislative Files. (DEAD),,opens,An Act Regarding Open Primary Elections and Ranked-choice Voting,An Act Regarding Open Primary Elections and Ranked-choice Voting,https://legiscan.com/ME/bill/LD1959/2023
2017432,ME,LD1422,2025,2025-2026 Regular Session,Failed,2025-05-14,2025-05-14,Pursuant to Joint Rule 310.3 Placed in Legislative Files (DEAD),,opens,An Act Regarding Open Primary Elections and Ranked-choice Voting,An Act Regarding Open Primary Elections and Ranked-choice Voting,https://legiscan.com/ME/bill/LD1422/2025
660183,MI,HB5956,2014,2013-2014 Regular Session,Introduced,2014-11-13,2014-12-02,Printed Bill Filed 11/14/2014,Elections And Ethics,closes,"Elections; primary; closed primaries; require. Amends secs. 495, 500a, 509q, 509gg, 523, 570 & 576 of 1954 PA 116 (MCL 168.495 et seq.); add","Elections; primary; closed primaries; require. Amends secs. 495, 500a, 509q, 509gg, 523, 570 & 576 of 1954 PA 116 (MCL 168.495 et seq.); adds sec. 495b & repeals sec. 615c of 1954 PA 116 (MCL 168.615c",https://legiscan.com/MI/bill/HB5956/2013
347232,MO,HB1052,2012,2012 Regular Session,Introduced,2012-01-04,2012-02-21,Public Hearing Completed (H),Elections,closes,Establishes a closed primary election system,Establishes a closed primary election system,https://legiscan.com/MO/bill/HB1052/2012
404856,MO,SB832,2012,2012 Regular Session,In Senate Committee,2012-02-23,2012-03-19,Hearing Conducted S Financial and Governmental Organizations and Elections Committee,Financial And Governmental Organizations And Elections,closes,Establishes a closed primary,Establishes a closed primary,https://legiscan.com/MO/bill/SB832/2012
417019,MO,HB1963,2012,2012 Regular Session,Introduced,2012-03-21,2012-04-12,Referred: Elections (H),Elections,closes,Establishes a closed primary election system,Establishes a closed primary election system,https://legiscan.com/MO/bill/HB1963/2012
864709,MO,HB2761,2016,2016 Regular Session,Introduced,2016-03-15,2016-05-13,Referred: Elections(H),Elections,closes,Allows the governing body of any established political party to choose to adopt a closed primary system.,Allows the governing body of any established political party to choose to adopt a closed primary system.,https://legiscan.com/MO/bill/HB2761/2016
891927,MO,HB27,2017,2017 Regular Session,In House Committee,2017-01-04,2017-05-12,"Referred: Select Committee on Local, State, Federal Relations and Miscellaneous Business(H)","Select Committee on Local, State, Federal Relations and Miscellaneous Business",closes,Allows the governing body of any established political party to choose to adopt a closed primary system,Allows the governing body of any established political party to choose to adopt a closed primary system,https://legiscan.com/MO/bill/HB27/2017
1294908,MO,HB1938,2020,2020 Regular Session,Introduced,2020-01-08,2020-05-15,Referred: Elections and Elected Officials(H),Elections and Elected Officials,opens,Creates open primaries.,Creates open primaries.,https://legiscan.com/MO/bill/HB1938/2020
1422800,MO,HB885,2021,2021 Regular Session,Introduced,2021-01-26,2021-05-14,Referred: Elections and Elected Officials(H),Elections and Elected Officials,opens,Creates open primaries,Creates open primaries,https://legiscan.com/MO/bill/HB885/2021
1535864,MO,HB1793,2022,2022 Regular Session,Introduced,2022-01-05,2022-05-13,Referred: Elections and Elected Officials(H),Elections and Elected Officials,opens,Creates open primaries,Creates open primaries,https://legiscan.com/MO/bill/HB1793/2022
1640387,MO,SB392,2023,2023 Regular Session,In Senate Committee,2023-01-04,2023-03-02,Second Read and Referred S Local Government and Elections Committee,Local Government and Elections,closes,Requires closed primary elections,Requires closed primary elections,https://legiscan.com/MO/bill/SB392/2023
1634922,MO,SB240,2023,2023 Regular Session,In Senate Committee,2023-01-04,2023-02-09,Second Read and Referred S Local Government and Elections Committee,Local Government and Elections,closes,Requires closed primary elections,Requires closed primary elections,https://legiscan.com/MO/bill/SB240/2023
1789995,MO,SB1140,2024,2024 Regular Session,In Senate Committee,2024-01-03,2024-01-25,Second Read and Referred S Local Government and Elections Committee,Local Government and Elections,closes,Requires closed primary elections,Requires closed primary elections,https://legiscan.com/MO/bill/SB1140/2024
145061,MS,HB98,2010,2010 Regular Session,In Senate Committee,2010-02-02,2010-02-02,Died In Committee,,opens,Open primaries; establish and abolish partisan primaries.,"An Act To Abolish Partisan Primaries; To Provide The Time For Holding General And Preferential Elections; To Provide That When Only One Person Has Qualified As A Candidate For An Office, That Such Per",https://legiscan.com/MS/bill/HB98/2010
232915,MS,HB1276,2011,2011 Regular Session,In Senate Committee,2011-02-01,2011-02-01,Died In Committee,,opens,Open Primaries; establish.,"An Act To Abolish Partisan Primaries; To Provide The Time For Holding General And Preferential Elections; To Provide That When Only One Person Has Qualified As A Candidate For An Office, Such Person's",https://legiscan.com/MS/bill/HB1276/2011
213586,MS,HB220,2011,2011 Regular Session,In Senate Committee,2011-02-01,2011-02-01,Died In Committee,,opens,Open primaries; establish and abolish partisan primaries.,"An Act To Abolish Partisan Primaries; To Provide The Time For Holding General And Preferential Elections; To Provide That When Only One Person Has Qualified As A Candidate For An Office, That Such Per",https://legiscan.com/MS/bill/HB220/2011
390432,MS,HB151,2012,2012 Regular Session,In Senate Committee,2012-03-06,2012-03-06,Died In Committee,,opens,Open primary election; authorize.,"An Act To Abolish Partisan Primaries; To Provide The Time For Holding General And Preferential Elections; To Provide That When Only One Person Has Qualified As A Candidate For An Office, Such Person's",https://legiscan.com/MS/bill/HB151/2012
396957,MS,HB425,2012,2012 Regular Session,In Senate Committee,2012-03-06,2012-03-06,Died In Committee,,opens,Open primaries; authorize.,"An Act To Abolish Partisan Primaries; To Provide The Time For Holding General And Preferential Elections; To Provide That When Only One Person Has Qualified As A Candidate For An Office, Such Person's",https://legiscan.com/MS/bill/HB425/2012
390509,MS,HB158,2012,2012 Regular Session,In Senate Committee,2012-03-06,2012-03-06,Died In Committee,,opens,"Open primaries elections; authorize for state, county and municipal offices.","An Act To Abolish Partisan Primaries; To Provide The Time For Holding General And Open Primary Elections; To Provide That When Only One Person Has Qualified As A Candidate For An Office, Such Person's",https://legiscan.com/MS/bill/HB158/2012
400663,MS,HB589,2012,2012 Regular Session,In Senate Committee,2012-03-06,2012-03-06,Died In Committee,,opens,Open primary elections; authorize.,"An Act To Abolish Partisan Primaries; To Provide The Time For Holding General And Preferential Elections; To Provide That When Only One Person Has Qualified As A Candidate For An Office, Such Person's",https://legiscan.com/MS/bill/HB589/2012
396082,MS,SB2340,2012,2012 Regular Session,In Senate Committee,2012-03-06,2012-03-06,Died In Committee,,opens,Open primaries; establish.,"An Act To Abolish Partisan Primaries; To Provide The Time For Holding General And Preferential Elections; To Provide That When Only One Person Has Qualified As A Candidate For An Office, Such Person's",https://legiscan.com/MS/bill/SB2340/2012
404176,MS,HB1307,2012,2012 Regular Session,In Senate Committee,2012-03-06,2012-03-06,Died In Committee,,opens,Open primaries; establish.,"An Act To Abolish Partisan Primaries; To Provide The Time For Holding General And Preferential Elections; To Provide That When Only One Person Has Qualified As A Candidate For An Office, Such Person's",https://legiscan.com/MS/bill/HB1307/2012
397059,MS,HB380,2012,2012 Regular Session,In Senate Committee,2012-03-06,2012-03-06,Died In Committee,,opens,Open primaries; establish and abolish partisan primaries.,"An Act To Abolish Partisan Primaries; To Provide The Time For Holding General And Preferential Elections; To Provide That When Only One Person Has Qualified As A Candidate For An Office, Such Person's",https://legiscan.com/MS/bill/HB380/2012
359203,MS,SB2071,2012,2012 Regular Session,In Senate Committee,2012-03-06,2012-03-06,Died In Committee,,opens,Open primaries; establish.,"An Act To Abolish Partisan Primaries; To Provide The Time For Holding General And Preferential Elections; To Provide That When Only One Person Has Qualified As A Candidate For An Office, Such Person's",https://legiscan.com/MS/bill/SB2071/2012
402670,MS,HB1253,2012,2012 Regular Session,In Senate Committee,2012-03-06,2012-03-06,Died In Committee,,opens,Open primaries for county office; authorize.,"An Act To Amend Section 23-15-575, Mississippi Code Of 1972, To Authorize Qualified Electors To Vote In A Primary Election For Any Candidate For County Office Regardless Of Party Affiliation; To Amend",https://legiscan.com/MS/bill/HB1253/2012
451244,MS,HB235,2013,2013 Regular Session,In House Committee,2013-02-05,2013-02-05,Died In Committee,,opens,"Open primaries elections; authorize for state, county and municipal offices.","An Act To Abolish Partisan Primaries; To Provide The Time For Holding General And Preferential Elections; To Provide That When Only One Person Has Qualified As A Candidate For An Office, Such Person's",https://legiscan.com/MS/bill/HB235/2013
475776,MS,HB962,2013,2013 Regular Session,In House Committee,2013-02-05,2013-02-05,Died In Committee,,opens,Open primaries for county office; authorize.,"An Act To Amend Section 23-15-575, Mississippi Code Of 1972, To Authorize Qualified Electors To Vote In A Primary Election For Any Candidate For County Office Regardless Of Party Affiliation; To Amend",https://legiscan.com/MS/bill/HB962/2013
601951,MS,HB572,2014,2014 Regular Session,In House Committee,2014-02-04,2014-02-04,Died In Committee,,opens,Open primary; authorize a nonbinding referendum on the question of.,An Act To Provide For A Statewide Special Election For The Purpose Of Conducting A Referendum On The Question Of Conducting Open Primaries In The State Of Mississippi; To Allow The Electorate To Vote ,https://legiscan.com/MS/bill/HB572/2014
577804,MS,HB55,2014,2014 Regular Session,In House Committee,2014-02-04,2014-02-04,Died In Committee,,opens,"Open primaries elections; authorize for state, county and municipal offices.","An Act To Abolish Partisan Primaries; To Provide The Time For Holding General And Preferential Elections; To Provide That When Only One Person Has Qualified As A Candidate For An Office, Such Person's",https://legiscan.com/MS/bill/HB55/2014
688823,MS,SB2613,2015,2015 Regular Session,In Senate Committee,2015-02-03,2015-02-03,Died In Committee,,closes,Elections; establish closed primary system.,An Act To Provide That Only Registered Voters Affiliated With A Political Party May Vote In The Party's Primary Election; To Provide That Registered Voters Not Affiliated With A Political Party May Vo,https://legiscan.com/MS/bill/SB2613/2015
692344,MS,HB934,2015,2015 Regular Session,In House Committee,2015-02-03,2015-02-03,Died In Committee,,opens,Open primaries; authorize.,"An Act To Abolish Partisan Primaries; To Provide The Time For Holding General And Preferential Elections; To Provide That When Only One Person Has Qualified As A Candidate For An Office, Such Person's",https://legiscan.com/MS/bill/HB934/2015
667254,MS,HB83,2015,2015 Regular Session,In House Committee,2015-02-03,2015-02-03,Died In Committee,,opens,"Open primaries elections; authorize for state, county and municipal offices.","An Act To Abolish Partisan Primaries; To Provide The Time For Holding General And Preferential Elections; To Provide That When Only One Person Has Qualified As A Candidate For An Office, Such Person's",https://legiscan.com/MS/bill/HB83/2015
673069,MS,HB228,2015,2015 Regular Session,In House Committee,2015-02-03,2015-02-03,Died In Committee,,opens,Open primaries; authorize.,"An Act To Abolish Partisan Primaries; To Provide The Time For Holding General And Preferential Elections; To Provide That When Only One Person Has Qualified As A Candidate For An Office, Such Person's",https://legiscan.com/MS/bill/HB228/2015
688818,MS,SB2594,2015,2015 Regular Session,In Senate Committee,2015-02-03,2015-02-03,Died In Committee,,opens,"Open primaries elections; authorize for state, county and municipal offices.","An Act To Abolish Partisan Primaries; To Provide The Time For Holding General And Preferential Elections; To Provide That When Only One Person Has Qualified As A Candidate For An Office, Such Person's",https://legiscan.com/MS/bill/SB2594/2015
667161,MS,HB64,2015,2015 Regular Session,In House Committee,2015-02-03,2015-02-03,Died In Committee,,opens,Open primaries; authorize.,"An Act To Abolish Partisan Primaries; To Provide The Time For Holding General And Preferential Elections; To Provide That When Only One Person Has Qualified As A Candidate For An Office, Such Person's",https://legiscan.com/MS/bill/HB64/2015
688495,MS,SB2593,2015,2015 Regular Session,In Senate Committee,2015-02-03,2015-02-03,Died In Committee,,opens,"Open primaries elections; authorize for state, county and municipal offices.","An Act To Abolish Partisan Primaries; To Provide The Time For Holding General And Preferential Elections; To Provide That When Only One Person Has Qualified As A Candidate For An Office, Such Person's",https://legiscan.com/MS/bill/SB2593/2015
693435,MS,HB935,2015,2015 Regular Session,In House Committee,2015-02-03,2015-02-03,Died In Committee,,opens,Open primaries; authorize statewide.,"An Act To Abolish Partisan Primaries; To Provide The Time For Holding General And Preferential Elections; To Provide That When Only One Person Has Qualified As A Candidate For An Office, Such Person's",https://legiscan.com/MS/bill/HB935/2015
838808,MS,HB28,2016,2016 Regular Session,In House Committee,2016-02-23,2016-02-23,Died In Committee,,opens,Open primaries; authorize.,"An Act To Abolish Partisan Primaries; To Provide The Time For Holding General And Preferential Elections; To Provide That When Only One Person Has Qualified As A Candidate For An Office, Such Person's",https://legiscan.com/MS/bill/HB28/2016
838893,MS,HB31,2016,2016 Regular Session,In House Committee,2016-02-23,2016-02-23,Died In Committee,,opens,"Open primaries elections; authorize for state, county and municipal offices.","An Act To Abolish Partisan Primaries; To Provide The Time For Holding General And Preferential Elections; To Provide That When Only One Person Has Qualified As A Candidate For An Office, Such Person's",https://legiscan.com/MS/bill/HB31/2016
839028,MS,SB2221,2016,2016 Regular Session,In Senate Committee,2016-02-23,2016-02-23,Died In Committee,,opens,"Open primary elections; authorize for state, county and municipal offices.","An Act To Abolish Partisan Primaries; To Provide The Time For Holding General And Preferential Elections; To Provide That When Only One Person Has Qualified As A Candidate For An Office, Such Person's",https://legiscan.com/MS/bill/SB2221/2016
844347,MS,HC47,2016,2016 Regular Session,In House Committee,2016-02-23,2016-02-23,Died In Committee,,opens,Constitution; amend to require open primaries.,"A Concurrent Resolution Proposing An Amendment To The Mississippi Constitution Of 1890, By Creating A New Section To Abolish Partisan Primaries; To Provide The Time For Holding Preferential And Genera",https://legiscan.com/MS/bill/HC47/2016
847336,MS,SB2671,2016,2016 Regular Session,In Senate Committee,2016-02-23,2016-02-23,Died In Committee,,opens,"Open primaries elections; authorize for state, county and municipal offices.","An Act To Abolish Partisan Primaries; To Provide The Time For Holding General And Preferential Elections; To Provide That When Only One Person Has Qualified As A Candidate For An Office, Such Person's",https://legiscan.com/MS/bill/SB2671/2016
843336,MS,HB858,2016,2016 Regular Session,In House Committee,2016-02-23,2016-02-23,Died In Committee,,opens,Open primaries; authorize.,"An Act To Abolish Partisan Primaries; To Provide The Time For Holding General And Preferential Elections; To Provide That When Only One Person Has Qualified As A Candidate For An Office, Such Person's",https://legiscan.com/MS/bill/HB858/2016
828871,MS,SB2012,2016,2016 Regular Session,In Senate Committee,2016-02-23,2016-02-23,Died In Committee,,opens,"Open primary elections; authorize for state, county and municipal offices.","An Act To Abolish Partisan Primaries; To Provide The Time For Holding General And Preferential Elections; To Provide That When Only One Person Has Qualified As A Candidate For An Office, Such Person's",https://legiscan.com/MS/bill/SB2012/2016
838877,MS,HB66,2016,2016 Regular Session,In House Committee,2016-02-23,2016-02-23,Died In Committee,,opens,"Open primaries elections; authorize for state, county and municipal offices.","An Act To Abolish Partisan Primaries; To Provide The Time For Holding General And Preferential Elections; To Provide That When Only One Person Has Qualified As A Candidate For An Office, Such Person's",https://legiscan.com/MS/bill/HB66/2016
895849,MS,HB302,2017,2017 Regular Session,In House Committee,2017-01-31,2017-01-31,Died In Committee,,opens,"Open primaries elections; authorize for state, county and municipal offices.","An Act To Abolish Partisan Primaries; To Provide The Time For Holding General And Preferential Elections; To Provide That When Only One Person Has Qualified As A Candidate For An Office, Such Person's",https://legiscan.com/MS/bill/HB302/2017
895896,MS,HB305,2017,2017 Regular Session,In House Committee,2017-01-31,2017-01-31,Died In Committee,,opens,"Open primaries elections; authorize for state, county and municipal offices.","An Act To Abolish Partisan Primaries; To Provide The Time For Holding General And Preferential Elections; To Provide That When Only One Person Has Qualified As A Candidate For An Office, Such Person's",https://legiscan.com/MS/bill/HB305/2017
912656,MS,SB2224,2017,2017 Regular Session,In Senate Committee,2017-01-31,2017-01-31,Died In Committee,,opens,"Open primary elections; authorize for state, county and municipal offices.","An Act To Abolish Partisan Primaries; To Provide The Time For Holding General And Preferential Elections; To Provide That When Only One Person Has Qualified As A Candidate For An Office, Such Person's",https://legiscan.com/MS/bill/SB2224/2017
899269,MS,HB367,2017,2017 Regular Session,In House Committee,2017-01-31,2017-01-31,Died In Committee,,opens,Open primaries; authorize.,"An Act To Abolish Partisan Primaries; To Provide The Time For Holding General And Preferential Elections; To Provide That When Only One Person Has Qualified As A Candidate For An Office, Such Person's",https://legiscan.com/MS/bill/HB367/2017
1048437,MS,SB2125,2018,2018 Regular Session,In Senate Committee,2018-01-30,2018-01-30,Died In Committee,,opens,"Open primary elections; authorize for state, county and municipal offices.","An Act To Abolish Partisan Primaries; To Provide The Time For Holding General And Preferential Elections; To Provide That When Only One Person Has Qualified As A Candidate For An Office, Such Person's",https://legiscan.com/MS/bill/SB2125/2018
1057549,MS,HB921,2018,2018 Regular Session,In House Committee,2018-01-30,2018-01-30,Died In Committee,,opens,Open primaries elections; authorize.,"An Act To Abolish Partisan Primaries; To Provide The Time For Holding General And Preferential Elections; To Provide That When Only One Person Has Qualified As A Candidate For An Office, Such Person's",https://legiscan.com/MS/bill/HB921/2018
1045748,MS,HB336,2018,2018 Regular Session,In House Committee,2018-01-30,2018-01-30,Died In Committee,,opens,"Open primaries elections; authorize for state, county and municipal offices.","An Act To Abolish Partisan Primaries; To Provide The Time For Holding General And Preferential Elections; To Provide That When Only One Person Has Qualified As A Candidate For An Office, Such Person's",https://legiscan.com/MS/bill/HB336/2018
1141253,MS,SB2073,2019,2019 Regular Session,In Senate Committee,2019-02-05,2019-02-05,Died In Committee,,opens,"Open primary elections; authorize for state, county and municipal offices.","An Act To Abolish Partisan Primaries; To Provide The Time For Holding General And Preferential Elections; To Provide That When Only One Person Has Qualified As A Candidate For An Office, Such Person's",https://legiscan.com/MS/bill/SB2073/2019
1165728,MS,HB1003,2019,2019 Regular Session,In House Committee,2019-02-05,2019-02-05,Died In Committee,,opens,Open primaries elections; authorize.,"An Act To Abolish Partisan Primaries; To Provide The Time For Holding General And Preferential Elections; To Provide That When Only One Person Has Qualified As A Candidate For An Office, Such Person's",https://legiscan.com/MS/bill/HB1003/2019
1147819,MS,SB2085,2019,2019 Regular Session,In Senate Committee,2019-02-05,2019-02-05,Died In Committee,,opens,"Open primary elections; authorize for state, county and municipal offices.","An Act To Abolish Partisan Primaries; To Provide The Time For Holding General And Preferential Elections; To Provide That When Only One Person Has Qualified As A Candidate For An Office, Such Person's",https://legiscan.com/MS/bill/SB2085/2019
1165947,MS,HB1002,2019,2019 Regular Session,In House Committee,2019-02-05,2019-02-05,Died In Committee,,opens,Open primaries; authorize.,"An Act To Abolish Partisan Primaries; To Provide The Time For Holding General And Preferential Elections; To Provide That When Only One Person Has Qualified As A Candidate For An Office, Such Person's",https://legiscan.com/MS/bill/HB1002/2019
1341509,MS,HB995,2020,2020 Regular Session,In House Committee,2020-03-03,2020-03-03,Died In Committee,,opens,"Open primaries elections; authorize for state, county and municipal offices.","An Act To Abolish Partisan Primaries; To Provide The Time For Holding General And Preferential Elections; To Provide That When Only One Person Has Qualified As A Candidate For An Office, Such Person's",https://legiscan.com/MS/bill/HB995/2020
1347003,MS,HC46,2020,2020 Regular Session,In House Committee,2020-03-03,2020-03-03,Died In Committee,,opens,"Constitution; amend to provide that there will be open primaries for the election of county offices, justice court judges and district attor","A Concurrent Resolution Proposing Amendments To Sections 138, 171 And 174, Mississippi Constitution Of 1890, To Provide That There Will Be No Party Primaries For The Election Of County Offices, Justic",https://legiscan.com/MS/bill/HC46/2020
1346739,MS,HB1400,2020,2020 Regular Session,In House Committee,2020-03-03,2020-03-03,Died In Committee,,opens,Partisan primary elections; abolish and establish open primary elections.,"An Act To Abolish Partisan Primaries; To Provide The Time For Holding General And Preferential Elections; To Provide That When Only One Person Has Qualified As A Candidate For An Office, Such Person's",https://legiscan.com/MS/bill/HB1400/2020
1411042,MS,HB723,2021,2021 Regular Session,In House Committee,2021-02-02,2021-02-02,Died In Committee,,opens,Partisan primary elections; abolish and establish open primary elections.,"An Act To Abolish Partisan Primaries; To Provide The Time For Holding General And Preferential Elections; To Provide That When Only One Person Has Qualified As A Candidate For An Office, Such Person's",https://legiscan.com/MS/bill/HB723/2021
1544710,MS,HB243,2022,2022 Regular Session,In House Committee,2022-02-01,2022-02-01,Died In Committee,,opens,Partisan primary elections; abolish and establish open primary elections.,"An Act To Abolish Partisan Primaries; To Provide The Time For Holding General And Preferential Elections; To Provide That When Only One Person Has Qualified As A Candidate For An Office, Such Person's",https://legiscan.com/MS/bill/HB243/2022
2089889,MS,SB2592,2026,2026 Regular Session,In Senate Committee,2026-02-03,2026-02-03,Died In Committee,,closes,Statewide Primary Elections; provide for closed primaries beginning in 2027.,An Act To Provide That Only Registered Voters Affiliated With A Political Party May Vote In The Party's Primary Election; To Provide That Registered Voters Not Affiliated With A Political Party May Vo,https://legiscan.com/MS/bill/SB2592/2026
540243,MT,SB408,2013,2013 Regular Session,Passed,2013-04-23,2013-04-23,Chapter Number Assigned,,opens,Referendum to provide top two primary in certain elections,Referendum to provide top two primary in certain elections,https://legiscan.com/MT/bill/SB408/2013
492287,MT,HB436,2013,2013 Regular Session,In House Committee,2013-04-24,2013-04-24,(H) Died in Standing Committee (H) State Administration,,opens,Providing top two primary in certain elections,Providing top two primary in certain elections,https://legiscan.com/MT/bill/HB436/2013
1748738,MT,SB566,2023,2023 Regular Session,In House Committee,2023-05-08,2023-05-08,(H) Died in Standing Committee,,opens,Require top two primary for U.S. Senate races,Require top two primary for U.S. Senate races,https://legiscan.com/MT/bill/SB566/2023
2017229,MT,SB562,2025,2025 Regular Session,Failed,2025-05-23,2025-05-23,(S) Died in Process,,opens,Require top two primary for certain offices,Require top two primary for certain offices,https://legiscan.com/MT/bill/SB562/2025
1005212,NC,H737,2017,2017-2018 Regular Session,House Floor Calendar,2017-04-11,2017-04-13,"Ref To Com On Rules, Calendar, and Operations of the House","Rules, Calendar, and Operations of the House",opens,Open Primary Act,Open Primary Act,https://legiscan.com/NC/bill/H737/2017
1254501,NC,H994,2019,2019-2020 Regular Session,House Floor Calendar,2019-04-25,2019-04-26,"Ref to the Com on Elections and Ethics Law, if favorable, Appropriations, General Government, if favorable, Rules, Calendar, and Operations ",Elections and Ethics Law,opens,Top Four Open Primary/Elections,Top Four Open Primary/Elections,https://legiscan.com/NC/bill/H994/2019
580343,NE,LB773,2014,2013 Regular Session,Introduced,2014-01-09,2014-04-17,Indefinitely postponed,,opens,Provide for partisan ballots for unaffiliated voters at primary elections,Provide for partisan ballots for unaffiliated voters at primary elections,https://legiscan.com/NE/bill/LB773/2013
674744,NE,LB202,2015,2015 Regular Session,Introduced,2015-01-13,2016-04-20,Indefinitely postponed,,opens,Provide for partisan ballots for unaffiliated voters at primary elections,Provide for partisan ballots for unaffiliated voters at primary elections,https://legiscan.com/NE/bill/LB202/2015
376080,NM,HJR19,2012,2012 Regular Session,Introduced,2012-01-19,2012-01-19,[LD 3] Action postponed indefinitely,,opens,"Unaffiliated voters in primary election, ca","Unaffiliated voters in primary election, ca",https://legiscan.com/NM/bill/HJR19/2012
730657,NM,SB650,2015,2015 Regular Session,Introduced,2015-02-02,2015-02-02,[LD 10] Action postponed indefinitely,,opens,Allow open primary elections,Allow open primary elections,https://legiscan.com/NM/bill/SB650/2015
824412,NM,HJR12,2016,2016 Regular Session,Introduced,2016-01-20,2016-01-23,[LD 5] Action postponed indefinitely,,opens,"Open Primary Elections, Ca","Open Primary Elections, Ca",https://legiscan.com/NM/bill/HJR12/2016
927849,NM,HJR6,2017,2017 Regular Session,Introduced,2017-01-19,2017-01-19,[LD 3] HLELC,"Local Government, Elections, Land Grants & Cultural Affairs",opens,"Top Two Candidates Open Primary Elections, Ca","Top Two Candidates Open Primary Elections, Ca",https://legiscan.com/NM/bill/HJR6/2017
927816,NM,HB206,2017,2017 Regular Session,In House Committee,2017-01-19,2017-01-22,[LD 6] Referred to House Judiciary,Judiciary,opens,Unaffiliated Voters In Primary Elections,Unaffiliated Voters In Primary Elections,https://legiscan.com/NM/bill/HB206/2017
934685,NM,SB205,2017,2017 Regular Session,In Senate Committee,2017-01-20,2017-02-03,[LD 18] Referred to Senate Judiciary,Judiciary,opens,Unaffiliated Voters In Primary Elections,Unaffiliated Voters In Primary Elections,https://legiscan.com/NM/bill/SB205/2017
1307723,NM,SM12,2020,2020 Regular Session,Introduced,2020-01-21,2020-02-07,Action Postponed Indefinitely,,opens,Recommendations For Open Primary Elections,Recommendations For Open Primary Elections,https://legiscan.com/NM/bill/SM12/2020
1302917,NM,HJR3,2020,2020 Regular Session,Introduced,2020-01-21,2020-01-30,Action Postponed Indefinitely,,opens,Open Primaries For Unaffiliated Voters Ca,Open Primaries For Unaffiliated Voters Ca,https://legiscan.com/NM/bill/HJR3/2020
1562140,NM,SJR1,2022,2022 Regular Session,Introduced,2022-01-18,2022-01-18,Action Postponed Indefinitely,,opens,"Nonpartisan Open Primary Elections, Ca","Nonpartisan Open Primary Elections, Ca",https://legiscan.com/NM/bill/SJR1/2022
1651975,NM,HB54,2023,2023 Regular Session,In House Committee,2023-01-17,2023-01-30,HGEIC: Reported by committee with Do Pass recommendation with amendment(s),Judiciary,opens,Ballot Requests For Open Primary Elections,Ballot Requests For Open Primary Elections,https://legiscan.com/NM/bill/HB54/2023
1676479,NM,SB175,2023,2023 Regular Session,Introduced,2023-01-23,2023-01-23,Sent to SRC - Referrals: SRC/SJC,Rules,opens,Open Primary Elections,Open Primary Elections,https://legiscan.com/NM/bill/SB175/2023
1678559,NM,SJR7,2023,2023 Regular Session,Introduced,2023-01-24,2023-01-24,Sent to SRC - Referrals: SRC/SJC,Rules,opens,"Open Primaries & Ranked Choice Voting, Ca","Open Primaries & Ranked Choice Voting, Ca",https://legiscan.com/NM/bill/SJR7/2023
1696633,NM,HJR12,2023,2023 Regular Session,Introduced,2023-02-06,2023-02-06,Sent to HGEIC - Referrals: HGEIC/HJC,"Government, Elections & Indian Affairs",opens,"Open Primary Elections, Ca","Open Primary Elections, Ca",https://legiscan.com/NM/bill/HJR12/2023
1974109,NM,SJR13,2025,2025 Regular Session,Introduced,2025-02-18,2025-02-18,Sent to SRC - Referrals: SRC/SJC,Rules,opens,"Open Primary Elections, Ca","Open Primary Elections, Ca",https://legiscan.com/NM/bill/SJR13/2025
634822,NY,A08985,2014,2013-2014 Regular Session,In Assembly Committee,2014-03-06,2014-03-21,opinion referred to judiciary,Judiciary,opens,Establishes an open primary system for all state and congressional elections.,Establishes an open primary system for all state and congressional elections.,https://legiscan.com/NY/bill/A08985/2013
777041,NY,A07379,2015,2015-2016 Regular Session,In Assembly Committee,2015-05-06,2016-02-05,opinion referred to judiciary,Judiciary,opens,Establishes an open primary system for all state and congressional elections.,Establishes an open primary system for all state and congressional elections.,https://legiscan.com/NY/bill/A07379/2015
876239,NY,A10008,2016,2015-2016 Regular Session,In Assembly Committee,2016-05-04,2016-05-04,referred to election law,Election Law,closes,"Relates to providing timely written notice of closed primary party rules to newly registered voters; defines the terms ""newly registered vot","Relates to providing timely written notice of closed primary party rules to newly registered voters; defines the terms ""newly registered voter"" and ""written notice"" and sets out what information the b",https://legiscan.com/NY/bill/A10008/2015
901884,NY,A00590,2017,2017-2018 Regular Session,In Assembly Committee,2017-01-09,2018-01-03,referred to election law,Election Law,closes,"Relates to providing timely written notice of closed primary party rules to newly registered voters; defines the terms ""newly registered vot","Relates to providing timely written notice of closed primary party rules to newly registered voters; defines the terms ""newly registered voter"" and ""written notice"" and sets out what information the b",https://legiscan.com/NY/bill/A00590/2017
979074,NY,S04780,2017,2017-2018 Regular Session,Introduced,2017-03-01,2017-06-15,PRINT NUMBER 4780B,Elections,closes,Provides voters with a warning about New York's closed primary system on voter registration forms.,Provides voters with a warning about New York's closed primary system on voter registration forms.,https://legiscan.com/NY/bill/S04780/2017
1007664,NY,A07309,2017,2017-2018 Regular Session,In Assembly Committee,2017-04-21,2018-01-31,opinion referred to judiciary,Judiciary,opens,Establishes an open primary system for all state and congressional elections.,Establishes an open primary system for all state and congressional elections.,https://legiscan.com/NY/bill/A07309/2017
960828,NY,A05735,2017,2017-2018 Regular Session,Assembly Floor Calendar,2017-06-19,2018-01-03,ordered to third reading cal.404,,closes,Provides voters with a warning about New York's closed primary system on voter registration forms.,Provides voters with a warning about New York's closed primary system on voter registration forms.,https://legiscan.com/NY/bill/A05735/2017
1035264,NY,S07014,2018,2017-2018 Regular Session,In Senate Committee,2018-01-03,2018-01-03,REFERRED TO ELECTIONS,Elections,closes,Provides voters with a warning about New York's closed primary system on voter registration forms.,Provides voters with a warning about New York's closed primary system on voter registration forms.,https://legiscan.com/NY/bill/S07014/2017
1139384,NY,A00554,2019,2019-2020 Regular Session,In Assembly Committee,2019-01-09,2020-01-08,referred to election law,Election Law,closes,"Relates to providing timely written notice of closed primary party rules to newly registered voters; defines the terms ""newly registered vot","Relates to providing timely written notice of closed primary party rules to newly registered voters; defines the terms ""newly registered voter"" and ""written notice"" and sets out what information the b",https://legiscan.com/NY/bill/A00554/2019
1178741,NY,A03504,2019,2019-2020 Regular Session,In Assembly Committee,2019-01-29,2020-01-08,referred to election law,Election Law,closes,Provides voters with a warning about New York's closed primary system on voter registration forms.,Provides voters with a warning about New York's closed primary system on voter registration forms.,https://legiscan.com/NY/bill/A03504/2019
1265156,NY,A07934,2019,2019-2020 Regular Session,In Assembly Committee,2019-05-28,2020-02-14,opinion referred to judiciary,Judiciary,opens,Establishes an open primary system for all state and congressional elections.,Establishes an open primary system for all state and congressional elections.,https://legiscan.com/NY/bill/A07934/2019
1138047,NY,S00496,2019,2019-2020 Regular Session,Stricken,2019-06-03,2020-01-09,"RECOMMIT, ENACTING CLAUSE STRICKEN",,closes,Provides voters with a warning about New York's closed primary system on voter registration forms.,Provides voters with a warning about New York's closed primary system on voter registration forms.,https://legiscan.com/NY/bill/S00496/2019
1391480,NY,A00908,2021,2021-2022 Regular Session,In Assembly Committee,2021-01-06,2022-01-05,referred to election law,Election Law,closes,Provides voters with a warning about New York's closed primary system on voter registration forms.,Provides voters with a warning about New York's closed primary system on voter registration forms.,https://legiscan.com/NY/bill/A00908/2021
1431566,NY,A04162,2021,2021-2022 Regular Session,In Assembly Committee,2021-02-01,2022-01-05,referred to election law,Election Law,closes,"Relates to providing timely written notice of closed primary party rules to newly registered voters; defines the terms ""newly registered vot","Relates to providing timely written notice of closed primary party rules to newly registered voters; defines the terms ""newly registered voter"" and ""written notice"" and sets out what information the b",https://legiscan.com/NY/bill/A04162/2021
1538201,NY,A08512,2021,2021-2022 Regular Session,In Assembly Committee,2021-12-13,2022-01-05,referred to election law,Election Law,opens,Establishes a ranked choice voting method for nonpartisan primary elections.,Establishes a ranked choice voting method for nonpartisan primary elections.,https://legiscan.com/NY/bill/A08512/2021
1646673,NY,A00479,2023,2023-2024 Regular Session,In Assembly Committee,2023-01-09,2024-01-03,referred to election law,Election Law,opens,Establishes a ranked choice voting method for nonpartisan primary elections.,Establishes a ranked choice voting method for nonpartisan primary elections.,https://legiscan.com/NY/bill/A00479/2023
1688230,NY,S03465,2023,2023-2024 Regular Session,In Senate Committee,2023-01-31,2024-01-03,REFERRED TO ELECTIONS,Elections,closes,Provides voters with a warning about New York's closed primary system on voter registration forms.,Provides voters with a warning about New York's closed primary system on voter registration forms.,https://legiscan.com/NY/bill/S03465/2023
1898606,NY,A00090,2025,2025-2026 Regular Session,In Assembly Committee,2025-01-08,2026-01-07,referred to election law,Election Law,opens,Establishes a ranked choice voting method for nonpartisan primary elections.,Establishes a ranked choice voting method for nonpartisan primary elections.,https://legiscan.com/NY/bill/A00090/2025
1944476,NY,S03596,2025,2025-2026 Regular Session,In Senate Committee,2025-01-28,2026-01-07,REFERRED TO ELECTIONS,Elections,closes,Provides voters with a warning about New York's closed primary system on voter registration forms.,Provides voters with a warning about New York's closed primary system on voter registration forms.,https://legiscan.com/NY/bill/S03596/2025
2027723,NY,A08126,2025,2025-2026 Regular Session,Stricken,2025-05-01,2026-01-05,enacting clause stricken,Assembly Election Law,closes,Provides voters with a warning about New York's closed primary system on voter registration forms.,Provides voters with a warning about New York's closed primary system on voter registration forms.,https://legiscan.com/NY/bill/A08126/2025
2025000090,NY,A90,2026,,In Assembly Committee,2026-01-07,2026-01-07,In Assembly Committee,Election Law,opens,Establishes a ranked choice voting method for nonpartisan primary elections,Establishes a ranked choice voting method for nonpartisan primary elections.,https://legislation.nysenate.gov/api/3/bills/2025/A90
2148830,NY,A11288,2026,2025-2026 Regular Session,In Assembly Committee,2026-05-08,2026-05-08,referred to election law,Election Law,closes,Provides voters with a warning about New York's closed primary system on voter registration forms.,Provides voters with a warning about New York's closed primary system on voter registration forms.,https://legiscan.com/NY/bill/A11288/2025
2136065,OH,SB382,2026,2025-2026 Regular Session,In Senate Committee,2026-03-19,2026-03-25,Referred to committee: General Government,General Government,opens,Implement a top-two primary election system,"To amend sections 111.27, 3501.01, 3501.06, 3501.23, 3505.03, 3505.04, 3509.03, 3509.04, 3511.02, 3511.05, 3513.01, 3513.02, 3513.04, 3513.05, 3513.052, 3513.07, 3513.13, 3513.14, 3513.19, 3513.20, 35",https://legiscan.com/OH/bill/SB382/2025
259353,OK,HB1013,2011,2011 Regular Session,In Senate Committee,2011-02-07,2011-02-08,Second Reading referred to Rules,Rules,opens,Elections; opening primaries to voters of other parties and Independent voters; effective date.,Elections; opening primaries to voters of other parties and Independent voters; effective date.,https://legiscan.com/OK/bill/HB1013/2011
362296,OK,HB1013,2011,2012 Regular Session,In Senate Committee,2011-02-07,2011-02-08,Second Reading referred to Rules,Rules,opens,Elections; opening primaries to voters of other parties and Independent voters; effective date.,Elections; opening primaries to voters of other parties and Independent voters; effective date.,https://legiscan.com/OK/bill/HB1013/2012
2048611,OK,HB1712,2025,2026 Regular Session,In House Committee,2025-02-03,2025-02-04,Referred to Elections and Ethics,Elections and Ethics,closes,Elections; closed primaries; political party; paying cost; open primaries; effective date.,Elections; closed primaries; political party; paying cost; open primaries; effective date.,https://legiscan.com/OK/bill/HB1712/2026
1922844,OK,SB834,2025,2025 Regular Session,Introduced,2025-02-03,2025-02-05,Coauthored by Representative Gann (principal House author),Judiciary,closes,Elections; prohibiting the use of open primaries; declaring certain ordinances and elections void. Effective date.,Elections; prohibiting the use of open primaries; declaring certain ordinances and elections void. Effective date.,https://legiscan.com/OK/bill/SB834/2025
2050578,OK,SB834,2025,2026 Regular Session,Introduced,2025-02-03,2025-02-05,Coauthored by Representative Gann (principal House author),Judiciary,closes,Elections; prohibiting the use of open primaries; declaring certain ordinances and elections void. Effective date.,Elections; prohibiting the use of open primaries; declaring certain ordinances and elections void. Effective date.,https://legiscan.com/OK/bill/SB834/2026
1923757,OK,HB1712,2025,2025 Regular Session,In House Committee,2025-02-03,2025-02-04,Referred to Elections and Ethics,Elections and Ethics,closes,Elections; closed primaries; political party; paying cost; open primaries; effective date.,Elections; closed primaries; political party; paying cost; open primaries; effective date.,https://legiscan.com/OK/bill/HB1712/2025
1351324,RI,H7913,2020,2020 Regular Session,In House Committee,2020-02-26,2020-02-26,"Introduced, referred to House Judiciary",Judiciary,unclear,House Resolution Respectfully Requesting The Secretary Of State To Evaluate The Feasibility And Provide Recommendations For Necessary Regula,House Resolution Respectfully Requesting The Secretary Of State To Evaluate The Feasibility And Provide Recommendations For Necessary Regulations/statues/legislation To Implement Instant-runoff Voting,https://legiscan.com/RI/bill/H7913/2020
1353060,RI,S2701,2020,2020 Regular Session,In Senate Committee,2020-02-27,2020-02-27,"Introduced, referred to Senate Judiciary",Judiciary,study,"Joint Resolution Creating A Special Legislative Commission To Evaluate And Provide Recommendations On The Merits Of Establishing A ""top Two ","Joint Resolution Creating A Special Legislative Commission To Evaluate And Provide Recommendations On The Merits Of Establishing A ""top Two Open Primary"" In The State Of Rhode Island (create An 11 Mem",https://legiscan.com/RI/bill/S2701/2020
1637414,SC,H3161,2023,2023-2024 Regular Session,Introduced,2023-01-10,2024-02-06,"Member(s) request name added as sponsor: White, McCabe, Oremus, Forrest, Magnuson, Harris, Brittain, Bustos",Judiciary,closes,Closed primaries,Amend The South Carolina Code Of Laws By Adding Section 7-5-115 So As To Provide That A Person Is Not Allowed To Vote In A Partisan Primary Election Or Partisan Advisory Referendum Unless The Person H,https://legiscan.com/SC/bill/H3161/2023
1655941,SC,H3685,2023,2023-2024 Regular Session,Introduced,2023-01-12,2023-05-03,Member(s) request name added as sponsor: Kilmartin,Judiciary,closes,Closed primaries,"Amend The South Carolina Code Of Laws By Adding Section 7-5-115 So As To, Among Other Things, Provide That Only An Elector Registered As A Member Of A Certified Political Party May Vote In That Party'",https://legiscan.com/SC/bill/H3685/2023
1760703,SC,S0767,2023,2023-2024 Regular Session,In Senate Committee,2023-05-02,2023-05-02,Referred to Committee on Judiciary,Judiciary,closes,Closed primaries,Amend The South Carolina Code Of Laws By Adding Section 7-5-115 So As To Provide That A Person Is Not Allowed To Vote In A Partisan Primary Election Or Partisan Advisory Referendum Unless The Person H,https://legiscan.com/SC/bill/S0767/2023
1895647,SC,H3310,2025,2025-2026 Regular Session,Introduced,2025-01-14,2026-04-29,Member(s) request name added as sponsor: Crawford,Judiciary,closes,Closed primaries,Amend The South Carolina Code Of Laws By Adding Section 7-5-115 So As To Provide That A Person Is Not Allowed To Vote In A Partisan Primary Election Or Partisan Advisory Referendum Unless The Person H,https://legiscan.com/SC/bill/H3310/2025
1896554,SC,H3640,2025,2025-2026 Regular Session,In House Committee,2025-01-14,2025-01-14,Referred to Committee on Judiciary,Judiciary,opens,Blanket primaries,"Amend The South Carolina Code Of Laws By Adding Section 7-11-5 So As To Require Primary Elections For County, State, And Federal Offices, Except For President And Vice President, To Be Conducted As No",https://legiscan.com/SC/bill/H3640/2025
2029170,SC,H4520,2025,2025-2026 Regular Session,In House Committee,2025-05-06,2025-05-06,Referred to Committee on Judiciary,Judiciary,closes,Closed primaries,Amend The South Carolina Code Of Laws By Adding Section 7-5-172 So As To Require Voter Registration To Include Party Affiliation; By Adding Section 7-13-17 So As To Require The Conducting Of Closed Pr,https://legiscan.com/SC/bill/H4520/2025
2115529,SC,H5183,2026,2025-2026 Regular Session,Introduced,2026-02-12,2026-04-15,Member(s) request name added as sponsor: Lastinger,Judiciary,closes,Closed primaries,Amend The South Carolina Code Of Laws By Adding Section 7-5-115 So As To Provide That A Person Is Not Allowed To Vote In A Partisan Primary Election Or Partisan Advisory Referendum Unless The Person H,https://legiscan.com/SC/bill/H5183/2025
2129151,SC,H5317,2026,2025-2026 Regular Session,In House Committee,2026-03-04,2026-03-04,Referred to Committee on Judiciary,Judiciary,closes,Closed primaries,Amend The South Carolina Code Of Laws By Adding Section 7-5-115 So As To Provide That A Person Is Not Allowed To Vote In A Partisan Primary Election Or Partisan Advisory Referendum Unless The Person H,https://legiscan.com/SC/bill/H5317/2025
2129814,SC,H5330,2026,2025-2026 Regular Session,Introduced,2026-03-05,2026-04-15,"Member(s) request name added as sponsor: Terribile, D.Mitchell, Burns, Huff, Lastinger, Beach",Judiciary,closes,Closed primaries,Amend The South Carolina Code Of Laws By Adding Section 7-5-115 So As To Provide That A Person Is Not Allowed To Vote In A Partisan Primary Election Or Partisan Advisory Referendum Unless The Person H,https://legiscan.com/SC/bill/H5330/2025
2129996,SC,H5327,2026,2025-2026 Regular Session,Introduced,2026-03-05,2026-04-15,"Member(s) request name added as sponsor: D.Mitchell, Burns, Huff, Lastinger, Beach",Judiciary,closes,Closed primaries,Amend The South Carolina Code Of Laws By Adding Section 7-5-115 So As To Provide That A Person Is Not Allowed To Vote In A Partisan Primary Election Or Partisan Advisory Referendum Unless The Person H,https://legiscan.com/SC/bill/H5327/2025
2132255,SC,H5359,2026,2025-2026 Regular Session,In House Committee,2026-03-11,2026-03-11,Referred to Committee on Judiciary,Judiciary,closes,Closed primaries,Amend The South Carolina Code Of Laws By Adding Section 7-5-115 So As To Provide That A Person Is Not Allowed To Vote In A Partisan Primary Election Or Partisan Advisory Referendum Unless The Person H,https://legiscan.com/SC/bill/H5359/2025
2132234,SC,H5361,2026,2025-2026 Regular Session,Introduced,2026-03-11,2026-04-15,Member(s) request name added as sponsor: Terribile,Judiciary,closes,Closed primaries,Amend The South Carolina Code Of Laws By Adding Section 7-5-115 So As To Provide That A Person Is Not Allowed To Vote In A Partisan Primary Election Or Partisan Advisory Referendum Unless The Person H,https://legiscan.com/SC/bill/H5361/2025
2132279,SC,H5358,2026,2025-2026 Regular Session,In House Committee,2026-03-11,2026-03-11,Referred to Committee on Judiciary,Judiciary,closes,Closed primaries,Amend The South Carolina Code Of Laws By Adding Section 7-5-115 So As To Provide That A Person Is Not Allowed To Vote In A Partisan Primary Election Or Partisan Advisory Referendum Unless The Person H,https://legiscan.com/SC/bill/H5358/2025
2132250,SC,H5355,2026,2025-2026 Regular Session,Introduced,2026-03-11,2026-04-15,"Member(s) request name added as sponsor: Terribile, Burns",Judiciary,closes,Closed primaries,Amend The South Carolina Code Of Laws By Adding Section 7-5-115 So As To Provide That A Person Is Not Allowed To Vote In A Partisan Primary Election Or Partisan Advisory Referendum Unless The Person H,https://legiscan.com/SC/bill/H5355/2025
2132200,SC,H5356,2026,2025-2026 Regular Session,Introduced,2026-03-11,2026-04-15,"Member(s) request name added as sponsor: Lastinger, Beach",Judiciary,closes,Closed primaries,"Amend The South Carolina Code Of Laws By Enacting The ""south Carolina Voter Integrity Party Primaries Act"" By Adding Section 7-5-115 So As To Provide That A Person Is Not Allowed To Vote In A Partisan",https://legiscan.com/SC/bill/H5356/2025
2138634,SC,H5447,2026,2025-2026 Regular Session,In House Committee,2026-03-26,2026-03-26,Referred to Committee on Judiciary,Judiciary,closes,Closed primaries,Amend The South Carolina Code Of Laws By Adding Section 7-5-115 So As To Provide That A Person Is Not Allowed To Vote In A Partisan Primary Election Or Partisan Advisory Referendum Unless The Person H,https://legiscan.com/SC/bill/H5447/2025
182444,SD,HB1054,2010,2010 Regular Session,Signed by Governor,2010-03-29,2010-03-29,Signed by Governor H.J. 860,,opens,Provide independent voters voting absentee the appropriate ballot during a primary election and to declare an emergency.,Provide independent voters voting absentee the appropriate ballot during a primary election and to declare an emergency.,https://legiscan.com/SD/bill/HB1054/2010
248822,SD,SB175,2011,2011 Regular Session,Senate Floor Calendar,2011-01-31,2011-02-17,No motion to place on calendar S.J. 467,,opens,Provide for the participation of independent voters in primary elections.,Provide for the participation of independent voters in primary elections.,https://legiscan.com/SD/bill/SB175/2011
1688190,TN,SB1144,2023,2023-2024 Regular Session,In Senate Committee,2023-01-31,2023-02-06,"Passed on Second Consideration, refer to Senate State and Local Government Committee",State and Local Government,opens,"AN ACT to amend Tennessee Code Annotated, Title 2, relative to political party registration.","As introduced, requires each voter to declare a political party affiliation or that the voter is unaffiliated with a political party on voter registration; authorizes political parties to allow unaffi",https://legiscan.com/TN/bill/SB1144/2023
1687462,TN,HB1045,2023,2023-2024 Regular Session,Failed,2023-03-07,2023-03-21,Sponsor(s) Added.,,opens,"AN ACT to amend Tennessee Code Annotated, Title 2, relative to political party registration.","As introduced, requires each voter to declare a political party affiliation or that the voter is unaffiliated with a political party on voter registration; authorizes political parties to allow unaffi",https://legiscan.com/TN/bill/HB1045/2023
1789799,TN,HB1616,2023,2023-2024 Regular Session,In House Committee,2023-12-06,2024-04-17,"Taken off notice for cal in s/c Finance, Ways, and Means Subcommittee of Finance, Ways, and Means Committee",,unclear,"AN ACT to amend Tennessee Code Annotated, Title 2, relative to elections.","As introduced, prescribes a process by which a person must declare a statewide political party or recognized minor party affiliation before voting in a primary election; designates persons who choose ",https://legiscan.com/TN/bill/HB1616/2023
1833947,TN,SB2631,2024,2023-2024 Regular Session,In Senate Committee,2024-03-27,2024-03-27,Failed in Senate State and Local Government Committee,,unclear,"AN ACT to amend Tennessee Code Annotated, Title 2, relative to elections.","As introduced, prescribes a process by which a person must declare a statewide political party or recognized minor party affiliation before voting in a primary election; designates persons who choose ",https://legiscan.com/TN/bill/SB2631/2023
524205,TX,HB2506,2013,2013 Regular Session,In House Committee,2013-03-05,2013-03-12,Referred to Elections,Elections,opens,Relating to nonpartisan primary elections; authorizing a fee.,Relating to nonpartisan primary elections; authorizing a fee.,https://legiscan.com/TX/bill/HB2506/2013
752131,TX,HB3080,2015,2015 Regular Session,In House Committee,2015-03-11,2015-03-23,Referred to Elections,Elections,opens,Relating to nonpartisan primary elections; authorizing a fee.,Relating to nonpartisan primary elections; authorizing a fee.,https://legiscan.com/TX/bill/HB3080/2015
964495,TX,HB1996,2017,2017 Regular Session,In House Committee,2017-02-16,2017-03-15,Referred to Elections,Elections,opens,Relating to nonpartisan primary elections; authorizing a fee.,Relating to nonpartisan primary elections; authorizing a fee.,https://legiscan.com/TX/bill/HB1996/2017
1180919,TX,HB1204,2019,2019 Regular Session,In House Committee,2019-01-30,2019-02-26,Referred to Elections,Elections,opens,Relating to nonpartisan primary elections; authorizing a fee.,Relating to nonpartisan primary elections; authorizing a fee.,https://legiscan.com/TX/bill/HB1204/2019
1473758,TX,HB2873,2021,2021 Regular Session,In House Committee,2021-03-04,2021-03-18,Referred to Elections,Elections,opens,Relating to nonpartisan primary elections; authorizing a fee.,Relating to nonpartisan primary elections; authorizing a fee.,https://legiscan.com/TX/bill/HB2873/2021
2000146,TX,HB4453,2025,2025 Regular Session,In House Committee,2025-03-11,2025-04-03,Referred to Elections,Elections,opens,Relating to nonpartisan primary elections; authorizing a fee.,Relating to nonpartisan primary elections; authorizing a fee.,https://legiscan.com/TX/bill/HB4453/2025
655495,US,HB5334,2014,2013-2014 Regular Session,In House Committee,2014-07-31,2014-09-26,Referred to the Subcommittee on the Constitution and Civil Justice.,Subcommittee on the Constitution And Civil Justice,opens,Open Our Democracy Act of 2014,"Open Our Democracy Act of 2014 - Requires all candidates for election to the House of Representatives to run in a single open primary, regardless of political party preference. Limits the ensuing gene",https://legiscan.com/US/bill/HB5334/2013
784218,US,HB2655,2015,2015-2016 Regular Session,In House Committee,2015-06-04,2015-06-16,Referred to the Subcommittee on the Constitution and Civil Justice.,Subcommittee on the Constitution And Civil Justice,opens,Open Our Democracy Act of 2015,"Open Our Democracy Act of 2015 Requires all candidates for election to the Senate and the House of Representatives to run in an open primary, regardless of political party preference or lack thereof. ",https://legiscan.com/US/bill/HB2655/2015
896632,US,HB145,2017,2017-2018 Regular Session,In House Committee,2017-01-03,2017-01-23,Referred to the Subcommittee on the Constitution and Civil Justice.,Subcommittee on the Constitution And Civil Justice,unclear,CLEAN Act Citizen Legislature Anti-Corruption Reform Act,"CLEAN Act Citizen Legislature Anti-Corruption Reform Act This bill amends the Civil Service Retirement System (CSRS) and the Federal Employees' Retirement System (FERS) to exclude Members of Congress,",https://legiscan.com/US/bill/HB145/2017
1137472,US,HB163,2019,2019-2020 Regular Session,In House Committee,2019-01-03,2019-01-03,"Referred to the Subcommittee on the Constitution, Civil Rights, and Civil Liberties.","Subcommittee on the Constitution, Civil Rights, and Civil Liberties",opens,CLEAN Elections Act Citizen Legislature Anti-Corruption Reform of Elections Act,Establishes requirements for nonpartisan redistricting and open primary elections. States must (1) conduct congressional redistricting using a plan developed by a nonpartisan independent redistricting,https://legiscan.com/US/bill/HB163/2019
1234605,US,HB1612,2019,2019-2020 Regular Session,In House Committee,2019-03-07,2019-04-12,"Referred to the Subcommittee on the Constitution, Civil Rights, and Civil Liberties.","Subcommittee on the Constitution, Civil Rights, and Civil Liberties",unclear,"To ensure election security, enhance Americans' access to the ballot box, reduce the influence of big money in politics through transparency","Addresses voter registration, congressional redistricting, election security, political spending, and ethics for the three branches of government. The bill provides for the automatic registration of e",https://legiscan.com/US/bill/HB1612/2019
1393301,US,HB100,2021,2021-2022 Regular Session,In House Committee,2021-01-04,2021-03-01,"Referred to the Subcommittee on the Constitution, Civil Rights, and Civil Liberties.","Subcommittee on the Constitution, Civil Rights, and Civil Liberties",opens,CLEAN Elections Act Citizen Legislature Anti-Corruption Reform of Elections Act,To require the use of independent nonpartisan commissions to carry out congressional redistricting and to require States to hold open primaries for elections for Federal office.,https://legiscan.com/US/bill/HB100/2021
1650513,US,HB157,2023,2023-2024 Regular Session,In House Committee,2023-01-09,2023-01-09,"Referred to the Committee on House Administration, and in addition to the Committee on the Judiciary, for a period to be subsequently determ",Administration,opens,CLEAN Elections Act Citizen Legislature Anti-Corruption Reform of Elections Act,To require the use of independent nonpartisan commissions to carry out congressional redistricting and to require States to hold open primaries for elections for Federal office.,https://legiscan.com/US/bill/HB157/2023
1885023,US,HB9144,2024,2023-2024 Regular Session,In House Committee,2024-07-25,2024-07-25,"Referred to the Committee on House Administration, and in addition to the Committee on the Judiciary, for a period to be subsequently determ",Administration,opens,Let America Vote Act,"To require States to permit unaffiliated voters to vote in primary elections for Federal office, and for other purposes.",https://legiscan.com/US/bill/HB9144/2023
1901915,US,HB155,2025,2025-2026 Regular Session,In House Committee,2025-01-03,2025-01-03,"Referred to the Committee on House Administration, and in addition to the Committee on the Judiciary, for a period to be subsequently determ",Administration,opens,Let America Vote Act,"To require States to permit unaffiliated voters to vote in primary elections for Federal office, and for other purposes.",https://legiscan.com/US/bill/HB155/2025
2044463,US,HR731,2025,2025-2026 Regular Session,In House Committee,2025-09-17,2025-09-17,Referred to the House Committee on Rules.,Rules,opens,Providing for consideration of the bill (H.R. 155) to require States to permit unaffiliated voters to vote in primary elections for Federal ,"Providing for consideration of the bill (H.R. 155) to require States to permit unaffiliated voters to vote in primary elections for Federal office, and for other purposes.",https://legiscan.com/US/bill/HR731/2025
439816,UT,HB0262,2013,2013 Regular Session,Passed,2013-03-26,2013-03-26,Governor Signed in ELTGOV,,opens,Unaffiliated Voter Amendments,Unaffiliated Voter Amendments,https://legiscan.com/UT/bill/HB0262/2013
22395,VA,HB88,2007,2008 Regular Session,Introduced,2007-12-13,2008-02-08,House: Continued to 2009 in Privileges and Elections by voice vote,,unclear,Voter registration; adds party affiliation to information applicant to provide.,"Primary elections; voter registration by political party. Adds party affiliation to the information that an applicant is asked to provide when registering to vote beginning January 1, 2009. The applic",https://legiscan.com/VA/bill/HB88/2008
885646,VA,HJR541,2016,2017 Regular Session,Introduced,2016-09-15,2017-02-08,Left in Privileges and Elections,Privileges and Elections,opens,Constitutional amendment; top two open primary election (first reference).,"Constitutional amendment (first resolution); top two open primary election. Provides for a top two open primary election to be conducted to select the candidates for the offices of the Governor, Lieut",https://legiscan.com/VA/bill/HJR541/2017
902667,VA,HJR635,2017,2017 Regular Session,Introduced,2017-01-10,2017-02-08,Left in Privileges and Elections,Privileges and Elections,opens,Constitutional amendment (first resolution); top two primary election.,"Constitutional amendment (first resolution); top two primary election. Provides for a top two primary election for the nomination of candidates for the offices of Governor, Lieutenant Governor, and At",https://legiscan.com/VA/bill/HJR635/2017
1050896,VA,HB1129,2018,2018 Regular Session,Introduced,2018-01-10,2018-02-13,Left in Privileges and Elections,Privileges and Elections,opens,Elections; establishes voter-nominated open primary elections.,"Elections; voter-nominated open primary elections. Establishes a voter-nominated primary election for the offices of Governor, Lieutenant Governor, and Attorney General and for the General Assembly an",https://legiscan.com/VA/bill/HB1129/2018
1383565,VA,HB360,2020,2021 Regular Session,Introduced,2020-01-02,2020-12-04,Left in Privileges and Elections,Privileges and Elections,opens,"Elections; voter-nominated open primary elections, ranked choice voting for certain elections.","Elections; voter-nominated open primary elections; ranked choice voting for certain elections. Establishes a voter-nominated primary election for the offices of Governor, Lieutenant Governor, and Atto",https://legiscan.com/VA/bill/HB360/2021
1294276,VA,HB360,2020,2020 Regular Session,Introduced,2020-01-02,2020-01-31,Continued to 2021 in Privileges and Elections by voice vote,Privileges and Elections,opens,"Elections; voter-nominated open primary elections, ranked choice voting for certain elections.","Elections; voter-nominated open primary elections; ranked choice voting for certain elections. Establishes a voter-nominated primary election for the offices of Governor, Lieutenant Governor, and Atto",https://legiscan.com/VA/bill/HB360/2020
1407519,VA,HB2278,2021,2021 Regular Session,Introduced,2021-01-14,2021-02-05,Left in Privileges and Elections,Privileges and Elections,closes,"Voter registration; political party affiliation, closed primary elections.",Voter registration; political party affiliation; closed primary elections. Adds political party affiliation to the information that an applicant is asked to provide when registering to vote. The polit,https://legiscan.com/VA/bill/HB2278/2021
1794419,VA,HB56,2023,2024 Regular Session,Introduced,2023-12-22,2024-02-13,Left in Privileges and Elections,Privileges and Elections,closes,Voter registration by political party affiliation; partially closed primary elections.,"Voter registration by political party affiliation; partially closed primary elections. Adds party affiliation, beginning January 1, 2025, to the information that an applicant is asked to provide when ",https://legiscan.com/VA/bill/HB56/2024
1820875,VA,HB1439,2024,2024 Regular Session,Introduced,2024-01-18,2024-02-13,Left in Privileges and Elections,Privileges and Elections,closes,Voter registration by political party affiliation; partially closed primary elections.,"Voter registration by political party affiliation; partially closed primary elections. Adds party affiliation, beginning January 1, 2025, to the information that an applicant is asked to provide when ",https://legiscan.com/VA/bill/HB1439/2024
2078611,VA,HB1056,2026,2026 Regular Session,In House Committee,2026-01-14,2026-02-18,Left in Committee Privileges and Elections,Privileges and Elections,closes,Voter registration by political party affiliation; partially closed primary elections.,"Voter registration by political party affiliation; partially closed primary elections. Adds party affiliation, beginning January 1, 2027, to the information that an applicant is asked to provide when ",https://legiscan.com/VA/bill/HB1056/2026
1980785,VT,H0314,2025,2025-2026 Regular Session,In House Committee,2025-02-25,2025-02-25,Read first time and referred to the Committee on Government Operations and Military Affairs,Government Operations and Military Affairs,opens,An act relating to a top-four nonpartisan primary election system,An act relating to a top-four nonpartisan primary election system,https://legiscan.com/VT/bill/H0314/2025
101873,WA,SB5681,2009,2009-2010 Regular Session,Introduced,2009-01-28,2010-03-15,"By resolution, reintroduced and retained in present status.",,opens,Updating election laws regarding the top two primary election system.,Updating election laws regarding the top two primary election system.,https://legiscan.com/WA/bill/SB5681/2009
72027,WV,HB4632,2010,2010 Regular Session,Introduced,2010-02-22,2010-02-22,To House Judiciary,Judiciary,opens,"Bringing older contradicting language still remaining in the code into conformity with Â§3-2-5(b)(3) and reestablishing a definition for ""in","The purpose of this bill is to bring older contradicting language still remaining in the code into conformity with §3-2- 5(b)(3) and to reestablish a definition for ""independent voter"" as the presentl",https://legiscan.com/WV/bill/HB4632/2010
71979,WV,SB685,2010,2010 Regular Session,Introduced,2010-02-22,2010-02-22,To Judiciary,Judiciary,opens,Updating election code language,"The purpose of this bill is to bring older contradicting language still remaining in the code into conformity with §3-2- 5(b)(3) and to reestablish a definition for ""independent voter"" as the presentl",https://legiscan.com/WV/bill/SB685/2010
227736,WV,HB2438,2011,2011 Regular Session,Vetoed,2011-03-21,2011-03-18,Vetoed by Governor 3/21/11 - Senate Journal,,opens,"Bringing older contradicting language still remaining in the code into conformity with Â§3-2-5(b)(3) and reestablishing a definition for ""in","The purpose of this bill is to bring older contradicting language still remaining in the code into conformity with current code sections and to reestablish a definition for ""independent voter"" as the ",https://legiscan.com/WV/bill/HB2438/2011
227813,WY,SF0096,2011,2011 Regular Session,In Senate Committee,2011-01-17,2011-03-02,(S) Committee Returned Bill Pursuant to SR 7-3(c),,opens,Open primaries.,AN ACT relating to elections; providing for electors to request any single party or nonpartisan ballot at the primary election; providing that voting a single party or nonpartisan ballot at the primar,https://legiscan.com/WY/bill/SF0096/2011
616683,WY,SF0077,,2014 Regular Session,Introduced,,2014-02-11,Failed Introduction,,opens,Open primary elections.,AN ACT relating to elections; providing for primary elections allowing any voter to vote for any candidate running; amending definitions relating to qualifications of political parties; eliminating el,https://legiscan.com/WY/bill/SF0077/2014
